OrderItemID,OrderID,ProductID,Quantity,UnitPrice,LineTotal
OI000001_1,ORD000001,P0018,4,150.9,603.6
OI000002_1,ORD000002,P0098,3,133.13,399.39
OI000002_2,ORD000002,P0071,2,34.61,69.22
OI000003_1,ORD000003,P0020,3,173.97,521.91
OI000003_2,ORD000003,P0074,4,97.13,388.52
OI000004_1,ORD000004,P0088,4,149.11,596.44
OI000004_2,ORD000004,P0097,2,156.58,313.16
OI000004_3,ORD000004,P0049,1,188.99,188.99
OI000005_1,ORD000005,P0090,2,155.64,311.28
OI000005_2,ORD000005,P0041,1,31.15,31.15
OI000006_1,ORD000006,P0026,3,40.63,121.89
OI000006_2,ORD000006,P0069,3,106.21,318.63
OI000006_3,ORD000006,P0027,2,133.01,266.02
OI000007_1,ORD000007,P0043,4,68.42,273.68
OI000008_1,ORD000008,P0010,1,32.29,32.29
OI000009_1,ORD000009,P0026,1,40.63,40.63
OI000009_2,ORD000009,P0031,3,41.42,124.26
OI000010_1,ORD000010,P0023,3,149.87,449.61
OI000010_2,ORD000010,P0092,4,133.23,532.92
OI000010_3,ORD000010,P0086,2,31.04,62.08
OI000011_1,ORD000011,P0005,2,112.77,225.54
OI000011_2,ORD000011,P0002,3,29.1,87.3
OI000011_3,ORD000011,P0083,2,25.24,50.48
OI000012_1,ORD000012,P0025,1,111.24,111.24
OI000012_2,ORD000012,P0098,3,133.13,399.39
OI000012_3,ORD000012,P0006,4,138.79,555.16
OI000013_1,ORD000013,P0071,1,34.61,34.61
OI000013_2,ORD000013,P0070,3,69.32,207.96
OI000013_3,ORD000013,P0088,4,149.11,596.44
OI000014_1,ORD000014,P0017,1,61.56,61.56
OI000014_2,ORD000014,P0034,3,118.58,355.74
OI000014_3,ORD000014,P0070,1,69.32,69.32
OI000015_1,ORD000015,P0068,2,99.69,199.38
OI000015_2,ORD000015,P0046,2,92.22,184.44
OI000015_3,ORD000015,P0011,2,19.61,39.22
OI000016_1,ORD000016,P0048,1,51.56,51.56
OI000017_1,ORD000017,P0100,1,54.24,54.24
OI000017_2,ORD000017,P0060,3,72.63,217.89
OI000017_3,ORD000017,P0009,1,47.47,47.47
OI000018_1,ORD000018,P0014,4,12.88,51.52
OI000019_1,ORD000019,P0063,1,168.76,168.76
OI000019_2,ORD000019,P0034,2,118.58,237.16
OI000019_3,ORD000019,P0094,1,188.21,188.21
OI000019_4,ORD000019,P0048,1,51.56,51.56
OI000020_1,ORD000020,P0060,1,72.63,72.63
OI000020_2,ORD000020,P0012,1,117.8,117.8
OI000020_3,ORD000020,P0072,2,24.01,48.02
OI000021_1,ORD000021,P0046,3,92.22,276.66
OI000021_2,ORD000021,P0005,4,112.77,451.08
OI000022_1,ORD000022,P0034,1,118.58,118.58
OI000022_2,ORD000022,P0077,3,90.68,272.04
OI000022_3,ORD000022,P0060,2,72.63,145.26
OI000022_4,ORD000022,P0085,4,78.24,312.96
OI000023_1,ORD000023,P0049,4,188.99,755.96
OI000023_2,ORD000023,P0065,1,179.4,179.4
OI000023_3,ORD000023,P0085,4,78.24,312.96
OI000023_4,ORD000023,P0010,2,32.29,64.58
OI000024_1,ORD000024,P0024,2,21.59,43.18
OI000024_2,ORD000024,P0060,2,72.63,145.26
OI000024_3,ORD000024,P0086,2,31.04,62.08
OI000025_1,ORD000025,P0020,4,173.97,695.88
OI000026_1,ORD000026,P0039,2,142.99,285.98
OI000026_2,ORD000026,P0076,4,113.02,452.08
OI000026_3,ORD000026,P0059,4,37.27,149.08
OI000027_1,ORD000027,P0079,1,139.87,139.87
OI000027_2,ORD000027,P0017,2,61.56,123.12
OI000028_1,ORD000028,P0038,3,17.33,51.99
OI000028_2,ORD000028,P0057,4,113.45,453.8
OI000028_3,ORD000028,P0092,3,133.23,399.69
OI000028_4,ORD000028,P0031,2,41.42,82.84
OI000029_1,ORD000029,P0012,2,117.8,235.6
OI000029_2,ORD000029,P0003,1,60.72,60.72
OI000029_3,ORD000029,P0007,3,71.49,214.47
OI000029_4,ORD000029,P0068,1,99.69,99.69
OI000030_1,ORD000030,P0040,2,27.38,54.76
OI000031_1,ORD000031,P0020,4,173.97,695.88
OI000032_1,ORD000032,P0067,2,7.73,15.46
OI000033_1,ORD000033,P0004,4,176.41,705.64
OI000033_2,ORD000033,P0098,4,133.13,532.52
OI000033_3,ORD000033,P0029,2,152.06,304.12
OI000033_4,ORD000033,P0053,4,129.22,516.88
OI000034_1,ORD000034,P0041,1,31.15,31.15
OI000034_2,ORD000034,P0028,3,104.91,314.73
OI000035_1,ORD000035,P0043,1,68.42,68.42
OI000035_2,ORD000035,P0067,2,7.73,15.46
OI000036_1,ORD000036,P0034,2,118.58,237.16
OI000036_2,ORD000036,P0100,4,54.24,216.96
OI000036_3,ORD000036,P0053,4,129.22,516.88
OI000036_4,ORD000036,P0084,1,105.27,105.27
OI000037_1,ORD000037,P0068,4,99.69,398.76
OI000038_1,ORD000038,P0027,2,133.01,266.02
OI000038_2,ORD000038,P0068,4,99.69,398.76
OI000038_3,ORD000038,P0057,4,113.45,453.8
OI000038_4,ORD000038,P0060,4,72.63,290.52
OI000039_1,ORD000039,P0095,1,41.13,41.13
OI000039_2,ORD000039,P0091,3,38.31,114.93
OI000039_3,ORD000039,P0076,1,113.02,113.02
OI000040_1,ORD000040,P0093,3,30.0,90.0
OI000040_2,ORD000040,P0065,2,179.4,358.8
OI000040_3,ORD000040,P0034,4,118.58,474.32
OI000041_1,ORD000041,P0086,1,31.04,31.04
OI000041_2,ORD000041,P0033,1,81.28,81.28
OI000042_1,ORD000042,P0049,3,188.99,566.97
OI000042_2,ORD000042,P0043,4,68.42,273.68
OI000042_3,ORD000042,P0050,1,79.22,79.22
OI000043_1,ORD000043,P0006,2,138.79,277.58
OI000044_1,ORD000044,P0079,1,139.87,139.87
OI000045_1,ORD000045,P0048,1,51.56,51.56
OI000045_2,ORD000045,P0074,1,97.13,97.13
OI000045_3,ORD000045,P0067,4,7.73,30.92
OI000046_1,ORD000046,P0095,1,41.13,41.13
OI000046_2,ORD000046,P0082,3,44.76,134.28
OI000046_3,ORD000046,P0055,4,61.33,245.32
OI000046_4,ORD000046,P0043,2,68.42,136.84
OI000047_1,ORD000047,P0024,4,21.59,86.36
OI000048_1,ORD000048,P0038,2,17.33,34.66
OI000049_1,ORD000049,P0063,3,168.76,506.28
OI000049_2,ORD000049,P0078,1,169.69,169.69
OI000050_1,ORD000050,P0069,4,106.21,424.84
OI000050_2,ORD000050,P0063,1,168.76,168.76
OI000050_3,ORD000050,P0096,2,69.19,138.38
OI000051_1,ORD000051,P0089,3,32.38,97.14
OI000051_2,ORD000051,P0027,4,133.01,532.04
OI000051_3,ORD000051,P0049,1,188.99,188.99
OI000051_4,ORD000051,P0030,1,34.08,34.08
OI000052_1,ORD000052,P0081,1,59.0,59.0
OI000053_1,ORD000053,P0071,3,34.61,103.83
OI000054_1,ORD000054,P0069,2,106.21,212.42
OI000054_2,ORD000054,P0047,1,191.09,191.09
OI000054_3,ORD000054,P0004,1,176.41,176.41
OI000055_1,ORD000055,P0057,3,113.45,340.35
OI000055_2,ORD000055,P0026,4,40.63,162.52
OI000055_3,ORD000055,P0036,2,21.34,42.68
OI000056_1,ORD000056,P0039,1,142.99,142.99
OI000056_2,ORD000056,P0084,4,105.27,421.08
OI000056_3,ORD000056,P0083,3,25.24,75.72
OI000056_4,ORD000056,P0022,3,70.65,211.95
OI000057_1,ORD000057,P0025,4,111.24,444.96
OI000057_2,ORD000057,P0056,2,66.57,133.14
OI000057_3,ORD000057,P0090,4,155.64,622.56
OI000057_4,ORD000057,P0020,4,173.97,695.88
OI000058_1,ORD000058,P0008,2,36.13,72.26
OI000058_2,ORD000058,P0050,4,79.22,316.88
OI000059_1,ORD000059,P0045,1,57.8,57.8
OI000060_1,ORD000060,P0036,4,21.34,85.36
OI000060_2,ORD000060,P0062,1,112.08,112.08
OI000060_3,ORD000060,P0014,4,12.88,51.52
OI000061_1,ORD000061,P0069,4,106.21,424.84
OI000061_2,ORD000061,P0086,1,31.04,31.04
OI000061_3,ORD000061,P0020,1,173.97,173.97
OI000061_4,ORD000061,P0072,4,24.01,96.04
OI000062_1,ORD000062,P0045,2,57.8,115.6
OI000063_1,ORD000063,P0017,1,61.56,61.56
OI000063_2,ORD000063,P0035,3,97.37,292.11
OI000064_1,ORD000064,P0064,4,153.17,612.68
OI000064_2,ORD000064,P0089,3,32.38,97.14
OI000064_3,ORD000064,P0031,1,41.42,41.42
OI000065_1,ORD000065,P0061,4,22.39,89.56
OI000065_2,ORD000065,P0062,1,112.08,112.08
OI000065_3,ORD000065,P0057,1,113.45,113.45
OI000066_1,ORD000066,P0061,3,22.39,67.17
OI000066_2,ORD000066,P0059,1,37.27,37.27
OI000066_3,ORD000066,P0094,1,188.21,188.21
OI000066_4,ORD000066,P0018,1,150.9,150.9
OI000067_1,ORD000067,P0077,2,90.68,181.36
OI000068_1,ORD000068,P0045,1,57.8,57.8
OI000069_1,ORD000069,P0015,4,112.2,448.8
OI000070_1,ORD000070,P0033,4,81.28,325.12
OI000071_1,ORD000071,P0046,1,92.22,92.22
OI000071_2,ORD000071,P0086,2,31.04,62.08
OI000071_3,ORD000071,P0077,4,90.68,362.72
OI000071_4,ORD000071,P0085,2,78.24,156.48
OI000072_1,ORD000072,P0006,2,138.79,277.58
OI000072_2,ORD000072,P0065,1,179.4,179.4
OI000072_3,ORD000072,P0070,2,69.32,138.64
OI000072_4,ORD000072,P0054,3,94.23,282.69
OI000073_1,ORD000073,P0090,1,155.64,155.64
OI000073_2,ORD000073,P0051,4,111.2,444.8
OI000073_3,ORD000073,P0053,2,129.22,258.44
OI000074_1,ORD000074,P0020,2,173.97,347.94
OI000074_2,ORD000074,P0067,3,7.73,23.19
OI000074_3,ORD000074,P0059,2,37.27,74.54
OI000074_4,ORD000074,P0072,1,24.01,24.01
OI000075_1,ORD000075,P0074,2,97.13,194.26
OI000075_2,ORD000075,P0064,3,153.17,459.51
OI000075_3,ORD000075,P0063,1,168.76,168.76
OI000076_1,ORD000076,P0028,3,104.91,314.73
OI000076_2,ORD000076,P0031,2,41.42,82.84
OI000077_1,ORD000077,P0077,3,90.68,272.04
OI000078_1,ORD000078,P0053,1,129.22,129.22
OI000078_2,ORD000078,P0064,1,153.17,153.17
OI000078_3,ORD000078,P0065,3,179.4,538.2
OI000078_4,ORD000078,P0094,4,188.21,752.84
OI000079_1,ORD000079,P0039,4,142.99,571.96
OI000080_1,ORD000080,P0006,2,138.79,277.58
OI000080_2,ORD000080,P0007,3,71.49,214.47
OI000080_3,ORD000080,P0099,1,138.6,138.6
OI000080_4,ORD000080,P0046,4,92.22,368.88
OI000081_1,ORD000081,P0084,4,105.27,421.08
OI000081_2,ORD000081,P0049,3,188.99,566.97
OI000081_3,ORD000081,P0055,3,61.33,183.99
OI000082_1,ORD000082,P0038,4,17.33,69.32
OI000083_1,ORD000083,P0023,2,149.87,299.74
OI000084_1,ORD000084,P0091,4,38.31,153.24
OI000085_1,ORD000085,P0057,3,113.45,340.35
OI000086_1,ORD000086,P0001,3,144.87,434.61
OI000086_2,ORD000086,P0051,4,111.2,444.8
OI000087_1,ORD000087,P0011,2,19.61,39.22
OI000087_2,ORD000087,P0035,1,97.37,97.37
OI000087_3,ORD000087,P0051,2,111.2,222.4
OI000087_4,ORD000087,P0023,2,149.87,299.74
OI000088_1,ORD000088,P0018,1,150.9,150.9
OI000088_2,ORD000088,P0085,1,78.24,78.24
OI000089_1,ORD000089,P0048,1,51.56,51.56
OI000090_1,ORD000090,P0028,4,104.91,419.64
OI000091_1,ORD000091,P0017,3,61.56,184.68
OI000091_2,ORD000091,P0074,1,97.13,97.13
OI000092_1,ORD000092,P0046,1,92.22,92.22
OI000093_1,ORD000093,P0061,1,22.39,22.39
OI000093_2,ORD000093,P0099,2,138.6,277.2
OI000094_1,ORD000094,P0099,3,138.6,415.8
OI000094_2,ORD000094,P0042,1,31.1,31.1
OI000094_3,ORD000094,P0075,2,127.46,254.92
OI000094_4,ORD000094,P0093,2,30.0,60.0
OI000095_1,ORD000095,P0067,1,7.73,7.73
OI000096_1,ORD000096,P0060,2,72.63,145.26
OI000096_2,ORD000096,P0033,3,81.28,243.84
OI000096_3,ORD000096,P0053,4,129.22,516.88
OI000096_4,ORD000096,P0035,4,97.37,389.48
OI000097_1,ORD000097,P0052,1,86.55,86.55
OI000097_2,ORD000097,P0084,1,105.27,105.27
OI000097_3,ORD000097,P0068,4,99.69,398.76
OI000098_1,ORD000098,P0018,4,150.9,603.6
OI000098_2,ORD000098,P0060,3,72.63,217.89
OI000098_3,ORD000098,P0092,2,133.23,266.46
OI000098_4,ORD000098,P0004,2,176.41,352.82
OI000099_1,ORD000099,P0075,2,127.46,254.92
OI000099_2,ORD000099,P0026,1,40.63,40.63
OI000099_3,ORD000099,P0027,3,133.01,399.03
OI000099_4,ORD000099,P0039,3,142.99,428.97
OI000100_1,ORD000100,P0006,1,138.79,138.79
OI000100_2,ORD000100,P0050,4,79.22,316.88
OI000101_1,ORD000101,P0025,3,111.24,333.72
OI000101_2,ORD000101,P0049,3,188.99,566.97
OI000101_3,ORD000101,P0058,1,17.55,17.55
OI000102_1,ORD000102,P0094,4,188.21,752.84
OI000102_2,ORD000102,P0057,2,113.45,226.9
OI000102_3,ORD000102,P0046,4,92.22,368.88
OI000103_1,ORD000103,P0086,1,31.04,31.04
OI000104_1,ORD000104,P0023,1,149.87,149.87
OI000104_2,ORD000104,P0005,4,112.77,451.08
OI000104_3,ORD000104,P0076,2,113.02,226.04
OI000104_4,ORD000104,P0048,1,51.56,51.56
OI000105_1,ORD000105,P0099,4,138.6,554.4
OI000105_2,ORD000105,P0093,1,30.0,30.0
OI000105_3,ORD000105,P0082,4,44.76,179.04
OI000106_1,ORD000106,P0097,3,156.58,469.74
OI000106_2,ORD000106,P0044,2,136.57,273.14
OI000106_3,ORD000106,P0030,1,34.08,34.08
OI000107_1,ORD000107,P0048,4,51.56,206.24
OI000107_2,ORD000107,P0017,3,61.56,184.68
OI000108_1,ORD000108,P0032,1,96.44,96.44
OI000109_1,ORD000109,P0051,1,111.2,111.2
OI000109_2,ORD000109,P0079,3,139.87,419.61
OI000110_1,ORD000110,P0057,1,113.45,113.45
OI000110_2,ORD000110,P0040,2,27.38,54.76
OI000111_1,ORD000111,P0014,1,12.88,12.88
OI000111_2,ORD000111,P0023,1,149.87,149.87
OI000112_1,ORD000112,P0013,4,71.44,285.76
OI000112_2,ORD000112,P0028,2,104.91,209.82
OI000112_3,ORD000112,P0066,2,174.67,349.34
OI000112_4,ORD000112,P0093,2,30.0,60.0
OI000113_1,ORD000113,P0098,4,133.13,532.52
OI000114_1,ORD000114,P0036,3,21.34,64.02
OI000114_2,ORD000114,P0093,2,30.0,60.0
OI000114_3,ORD000114,P0021,1,131.47,131.47
OI000115_1,ORD000115,P0060,2,72.63,145.26
OI000116_1,ORD000116,P0071,2,34.61,69.22
OI000116_2,ORD000116,P0054,3,94.23,282.69
OI000117_1,ORD000117,P0043,1,68.42,68.42
OI000117_2,ORD000117,P0083,1,25.24,25.24
OI000117_3,ORD000117,P0024,3,21.59,64.77
OI000118_1,ORD000118,P0027,1,133.01,133.01
OI000119_1,ORD000119,P0094,3,188.21,564.63
OI000119_2,ORD000119,P0036,3,21.34,64.02
OI000119_3,ORD000119,P0016,1,161.33,161.33
OI000119_4,ORD000119,P0002,3,29.1,87.3
OI000120_1,ORD000120,P0090,3,155.64,466.92
OI000120_2,ORD000120,P0028,1,104.91,104.91
OI000120_3,ORD000120,P0084,4,105.27,421.08
OI000120_4,ORD000120,P0015,1,112.2,112.2
OI000121_1,ORD000121,P0002,4,29.1,116.4
OI000121_2,ORD000121,P0065,3,179.4,538.2
OI000121_3,ORD000121,P0091,2,38.31,76.62
OI000122_1,ORD000122,P0096,2,69.19,138.38
OI000122_2,ORD000122,P0045,4,57.8,231.2
OI000122_3,ORD000122,P0092,1,133.23,133.23
OI000122_4,ORD000122,P0080,2,46.24,92.48
OI000123_1,ORD000123,P0080,3,46.24,138.72
OI000123_2,ORD000123,P0009,2,47.47,94.94
OI000123_3,ORD000123,P0075,1,127.46,127.46
OI000123_4,ORD000123,P0072,4,24.01,96.04
OI000124_1,ORD000124,P0025,1,111.24,111.24
OI000125_1,ORD000125,P0044,2,136.57,273.14
OI000125_2,ORD000125,P0092,1,133.23,133.23
OI000125_3,ORD000125,P0006,3,138.79,416.37
OI000125_4,ORD000125,P0054,1,94.23,94.23
OI000126_1,ORD000126,P0026,3,40.63,121.89
OI000126_2,ORD000126,P0062,2,112.08,224.16
OI000126_3,ORD000126,P0041,4,31.15,124.6
OI000127_1,ORD000127,P0044,3,136.57,409.71
OI000127_2,ORD000127,P0085,3,78.24,234.72
OI000127_3,ORD000127,P0039,1,142.99,142.99
OI000128_1,ORD000128,P0099,3,138.6,415.8
OI000128_2,ORD000128,P0055,3,61.33,183.99
OI000128_3,ORD000128,P0057,1,113.45,113.45
OI000128_4,ORD000128,P0071,3,34.61,103.83
OI000129_1,ORD000129,P0085,4,78.24,312.96
OI000129_2,ORD000129,P0036,1,21.34,21.34
OI000129_3,ORD000129,P0001,3,144.87,434.61
OI000130_1,ORD000130,P0006,4,138.79,555.16
OI000130_2,ORD000130,P0070,2,69.32,138.64
OI000130_3,ORD000130,P0045,3,57.8,173.4
OI000130_4,ORD000130,P0087,3,83.61,250.83
OI000131_1,ORD000131,P0068,1,99.69,99.69
OI000131_2,ORD000131,P0065,1,179.4,179.4
OI000131_3,ORD000131,P0021,2,131.47,262.94
OI000132_1,ORD000132,P0035,4,97.37,389.48
OI000133_1,ORD000133,P0100,2,54.24,108.48
OI000133_2,ORD000133,P0066,1,174.67,174.67
OI000133_3,ORD000133,P0051,4,111.2,444.8
OI000133_4,ORD000133,P0077,4,90.68,362.72
OI000134_1,ORD000134,P0050,3,79.22,237.66
OI000135_1,ORD000135,P0020,3,173.97,521.91
OI000135_2,ORD000135,P0021,1,131.47,131.47
OI000135_3,ORD000135,P0057,4,113.45,453.8
OI000135_4,ORD000135,P0056,1,66.57,66.57
OI000136_1,ORD000136,P0064,2,153.17,306.34
OI000136_2,ORD000136,P0057,4,113.45,453.8
OI000136_3,ORD000136,P0086,3,31.04,93.12
OI000136_4,ORD000136,P0005,1,112.77,112.77
OI000137_1,ORD000137,P0071,4,34.61,138.44
OI000138_1,ORD000138,P0081,2,59.0,118.0
OI000139_1,ORD000139,P0052,1,86.55,86.55
OI000140_1,ORD000140,P0034,4,118.58,474.32
OI000140_2,ORD000140,P0067,1,7.73,7.73
OI000140_3,ORD000140,P0060,1,72.63,72.63
OI000141_1,ORD000141,P0044,2,136.57,273.14
OI000141_2,ORD000141,P0067,2,7.73,15.46
OI000141_3,ORD000141,P0004,2,176.41,352.82
OI000142_1,ORD000142,P0037,2,102.41,204.82
OI000143_1,ORD000143,P0020,4,173.97,695.88
OI000143_2,ORD000143,P0047,2,191.09,382.18
OI000143_3,ORD000143,P0077,1,90.68,90.68
OI000143_4,ORD000143,P0076,1,113.02,113.02
OI000144_1,ORD000144,P0010,1,32.29,32.29
OI000145_1,ORD000145,P0065,4,179.4,717.6
OI000145_2,ORD000145,P0086,1,31.04,31.04
OI000145_3,ORD000145,P0039,3,142.99,428.97
OI000146_1,ORD000146,P0100,3,54.24,162.72
OI000146_2,ORD000146,P0082,2,44.76,89.52
OI000146_3,ORD000146,P0060,2,72.63,145.26
OI000146_4,ORD000146,P0054,3,94.23,282.69
OI000147_1,ORD000147,P0069,2,106.21,212.42
OI000147_2,ORD000147,P0044,1,136.57,136.57
OI000148_1,ORD000148,P0044,3,136.57,409.71
OI000149_1,ORD000149,P0082,3,44.76,134.28
OI000149_2,ORD000149,P0087,3,83.61,250.83
OI000150_1,ORD000150,P0067,4,7.73,30.92
OI000150_2,ORD000150,P0071,4,34.61,138.44
OI000150_3,ORD000150,P0025,3,111.24,333.72
OI000150_4,ORD000150,P0037,3,102.41,307.23
OI000151_1,ORD000151,P0068,3,99.69,299.07
OI000151_2,ORD000151,P0083,2,25.24,50.48
OI000152_1,ORD000152,P0077,4,90.68,362.72
OI000153_1,ORD000153,P0078,1,169.69,169.69
OI000154_1,ORD000154,P0003,3,60.72,182.16
OI000154_2,ORD000154,P0026,2,40.63,81.26
OI000155_1,ORD000155,P0042,1,31.1,31.1
OI000155_2,ORD000155,P0094,4,188.21,752.84
OI000155_3,ORD000155,P0084,1,105.27,105.27
OI000156_1,ORD000156,P0088,4,149.11,596.44
OI000157_1,ORD000157,P0072,2,24.01,48.02
OI000157_2,ORD000157,P0090,3,155.64,466.92
OI000157_3,ORD000157,P0040,4,27.38,109.52
OI000158_1,ORD000158,P0045,4,57.8,231.2
OI000159_1,ORD000159,P0035,3,97.37,292.11
OI000159_2,ORD000159,P0017,1,61.56,61.56
OI000159_3,ORD000159,P0004,4,176.41,705.64
OI000160_1,ORD000160,P0071,2,34.61,69.22
OI000161_1,ORD000161,P0060,1,72.63,72.63
OI000161_2,ORD000161,P0070,3,69.32,207.96
OI000161_3,ORD000161,P0001,1,144.87,144.87
OI000161_4,ORD000161,P0055,4,61.33,245.32
OI000162_1,ORD000162,P0056,1,66.57,66.57
OI000162_2,ORD000162,P0022,4,70.65,282.6
OI000162_3,ORD000162,P0094,3,188.21,564.63
OI000162_4,ORD000162,P0093,4,30.0,120.0
OI000163_1,ORD000163,P0021,2,131.47,262.94
OI000164_1,ORD000164,P0049,1,188.99,188.99
OI000165_1,ORD000165,P0022,3,70.65,211.95
OI000165_2,ORD000165,P0045,2,57.8,115.6
OI000165_3,ORD000165,P0050,2,79.22,158.44
OI000165_4,ORD000165,P0070,3,69.32,207.96
OI000166_1,ORD000166,P0056,1,66.57,66.57
OI000166_2,ORD000166,P0063,1,168.76,168.76
OI000166_3,ORD000166,P0097,1,156.58,156.58
OI000166_4,ORD000166,P0044,2,136.57,273.14
OI000167_1,ORD000167,P0030,2,34.08,68.16
OI000168_1,ORD000168,P0022,3,70.65,211.95
OI000169_1,ORD000169,P0064,1,153.17,153.17
OI000169_2,ORD000169,P0065,2,179.4,358.8
OI000169_3,ORD000169,P0089,4,32.38,129.52
OI000169_4,ORD000169,P0027,2,133.01,266.02
OI000170_1,ORD000170,P0023,1,149.87,149.87
OI000170_2,ORD000170,P0009,3,47.47,142.41
OI000170_3,ORD000170,P0086,3,31.04,93.12
OI000171_1,ORD000171,P0007,1,71.49,71.49
OI000171_2,ORD000171,P0053,1,129.22,129.22
OI000171_3,ORD000171,P0048,4,51.56,206.24
OI000171_4,ORD000171,P0015,2,112.2,224.4
OI000172_1,ORD000172,P0099,2,138.6,277.2
OI000172_2,ORD000172,P0076,3,113.02,339.06
OI000172_3,ORD000172,P0080,2,46.24,92.48
OI000173_1,ORD000173,P0038,1,17.33,17.33
OI000173_2,ORD000173,P0071,4,34.61,138.44
OI000174_1,ORD000174,P0092,3,133.23,399.69
OI000174_2,ORD000174,P0054,1,94.23,94.23
OI000174_3,ORD000174,P0056,2,66.57,133.14
OI000175_1,ORD000175,P0099,3,138.6,415.8
OI000175_2,ORD000175,P0068,2,99.69,199.38
OI000175_3,ORD000175,P0050,1,79.22,79.22
OI000176_1,ORD000176,P0093,1,30.0,30.0
OI000176_2,ORD000176,P0091,1,38.31,38.31
OI000176_3,ORD000176,P0100,3,54.24,162.72
OI000176_4,ORD000176,P0020,2,173.97,347.94
OI000177_1,ORD000177,P0060,2,72.63,145.26
OI000177_2,ORD000177,P0049,2,188.99,377.98
OI000178_1,ORD000178,P0079,2,139.87,279.74
OI000178_2,ORD000178,P0022,3,70.65,211.95
OI000178_3,ORD000178,P0082,2,44.76,89.52
OI000179_1,ORD000179,P0094,2,188.21,376.42
OI000179_2,ORD000179,P0042,4,31.1,124.4
OI000179_3,ORD000179,P0088,1,149.11,149.11
OI000180_1,ORD000180,P0048,3,51.56,154.68
OI000180_2,ORD000180,P0008,2,36.13,72.26
OI000180_3,ORD000180,P0011,2,19.61,39.22
OI000181_1,ORD000181,P0044,4,136.57,546.28
OI000181_2,ORD000181,P0035,3,97.37,292.11
OI000181_3,ORD000181,P0055,1,61.33,61.33
OI000181_4,ORD000181,P0014,2,12.88,25.76
OI000182_1,ORD000182,P0005,1,112.77,112.77
OI000183_1,ORD000183,P0009,3,47.47,142.41
OI000184_1,ORD000184,P0081,4,59.0,236.0
OI000185_1,ORD000185,P0004,3,176.41,529.23
OI000185_2,ORD000185,P0100,1,54.24,54.24
OI000186_1,ORD000186,P0024,2,21.59,43.18
OI000186_2,ORD000186,P0014,2,12.88,25.76
OI000186_3,ORD000186,P0042,3,31.1,93.3
OI000186_4,ORD000186,P0044,1,136.57,136.57
OI000187_1,ORD000187,P0019,1,113.33,113.33
OI000187_2,ORD000187,P0046,3,92.22,276.66
OI000187_3,ORD000187,P0064,4,153.17,612.68
OI000188_1,ORD000188,P0001,4,144.87,579.48
OI000189_1,ORD000189,P0008,3,36.13,108.39
OI000190_1,ORD000190,P0010,4,32.29,129.16
OI000190_2,ORD000190,P0065,1,179.4,179.4
OI000190_3,ORD000190,P0070,1,69.32,69.32
OI000190_4,ORD000190,P0084,3,105.27,315.81
OI000191_1,ORD000191,P0007,1,71.49,71.49
OI000191_2,ORD000191,P0043,3,68.42,205.26
OI000191_3,ORD000191,P0077,2,90.68,181.36
OI000192_1,ORD000192,P0022,4,70.65,282.6
OI000192_2,ORD000192,P0062,2,112.08,224.16
OI000193_1,ORD000193,P0035,3,97.37,292.11
OI000193_2,ORD000193,P0079,2,139.87,279.74
OI000194_1,ORD000194,P0020,2,173.97,347.94
OI000194_2,ORD000194,P0005,1,112.77,112.77
OI000194_3,ORD000194,P0081,3,59.0,177.0
OI000195_1,ORD000195,P0059,4,37.27,149.08
OI000195_2,ORD000195,P0100,4,54.24,216.96
OI000196_1,ORD000196,P0040,1,27.38,27.38
OI000196_2,ORD000196,P0051,2,111.2,222.4
OI000196_3,ORD000196,P0100,3,54.24,162.72
OI000197_1,ORD000197,P0006,2,138.79,277.58
OI000197_2,ORD000197,P0097,3,156.58,469.74
OI000197_3,ORD000197,P0029,2,152.06,304.12
OI000198_1,ORD000198,P0072,1,24.01,24.01
OI000198_2,ORD000198,P0002,3,29.1,87.3
OI000198_3,ORD000198,P0003,2,60.72,121.44
OI000199_1,ORD000199,P0059,3,37.27,111.81
OI000200_1,ORD000200,P0080,2,46.24,92.48
OI000200_2,ORD000200,P0072,3,24.01,72.03
OI000201_1,ORD000201,P0036,4,21.34,85.36
OI000201_2,ORD000201,P0024,1,21.59,21.59
OI000202_1,ORD000202,P0077,1,90.68,90.68
OI000203_1,ORD000203,P0049,1,188.99,188.99
OI000203_2,ORD000203,P0096,4,69.19,276.76
OI000203_3,ORD000203,P0024,2,21.59,43.18
OI000204_1,ORD000204,P0059,1,37.27,37.27
OI000204_2,ORD000204,P0081,1,59.0,59.0
OI000204_3,ORD000204,P0041,4,31.15,124.6
OI000204_4,ORD000204,P0094,4,188.21,752.84
OI000205_1,ORD000205,P0021,2,131.47,262.94
OI000206_1,ORD000206,P0007,4,71.49,285.96
OI000207_1,ORD000207,P0093,1,30.0,30.0
OI000208_1,ORD000208,P0099,2,138.6,277.2
OI000208_2,ORD000208,P0052,2,86.55,173.1
OI000208_3,ORD000208,P0022,1,70.65,70.65
OI000208_4,ORD000208,P0023,4,149.87,599.48
OI000209_1,ORD000209,P0013,3,71.44,214.32
OI000209_2,ORD000209,P0029,1,152.06,152.06
OI000209_3,ORD000209,P0045,4,57.8,231.2
OI000209_4,ORD000209,P0097,1,156.58,156.58
OI000210_1,ORD000210,P0019,1,113.33,113.33
OI000210_2,ORD000210,P0029,4,152.06,608.24
OI000210_3,ORD000210,P0076,1,113.02,113.02
OI000210_4,ORD000210,P0058,2,17.55,35.1
OI000211_1,ORD000211,P0087,4,83.61,334.44
OI000212_1,ORD000212,P0052,3,86.55,259.65
OI000212_2,ORD000212,P0089,2,32.38,64.76
OI000212_3,ORD000212,P0057,3,113.45,340.35
OI000213_1,ORD000213,P0071,3,34.61,103.83
OI000213_2,ORD000213,P0040,3,27.38,82.14
OI000214_1,ORD000214,P0002,1,29.1,29.1
OI000215_1,ORD000215,P0057,4,113.45,453.8
OI000216_1,ORD000216,P0093,3,30.0,90.0
OI000216_2,ORD000216,P0052,2,86.55,173.1
OI000217_1,ORD000217,P0071,2,34.61,69.22
OI000217_2,ORD000217,P0079,4,139.87,559.48
OI000217_3,ORD000217,P0047,4,191.09,764.36
OI000217_4,ORD000217,P0019,4,113.33,453.32
OI000218_1,ORD000218,P0030,3,34.08,102.24
OI000219_1,ORD000219,P0094,2,188.21,376.42
OI000219_2,ORD000219,P0046,3,92.22,276.66
OI000219_3,ORD000219,P0077,3,90.68,272.04
OI000220_1,ORD000220,P0074,2,97.13,194.26
OI000220_2,ORD000220,P0031,3,41.42,124.26
OI000220_3,ORD000220,P0037,2,102.41,204.82
OI000220_4,ORD000220,P0056,4,66.57,266.28
OI000221_1,ORD000221,P0057,3,113.45,340.35
OI000221_2,ORD000221,P0041,3,31.15,93.45
OI000222_1,ORD000222,P0033,4,81.28,325.12
OI000222_2,ORD000222,P0030,2,34.08,68.16
OI000222_3,ORD000222,P0100,1,54.24,54.24
OI000222_4,ORD000222,P0048,1,51.56,51.56
OI000223_1,ORD000223,P0003,3,60.72,182.16
OI000223_2,ORD000223,P0044,3,136.57,409.71
OI000223_3,ORD000223,P0070,2,69.32,138.64
OI000223_4,ORD000223,P0053,2,129.22,258.44
OI000224_1,ORD000224,P0081,1,59.0,59.0
OI000224_2,ORD000224,P0033,1,81.28,81.28
OI000224_3,ORD000224,P0030,4,34.08,136.32
OI000225_1,ORD000225,P0006,3,138.79,416.37
OI000226_1,ORD000226,P0051,2,111.2,222.4
OI000226_2,ORD000226,P0064,1,153.17,153.17
OI000227_1,ORD000227,P0018,3,150.9,452.7
OI000227_2,ORD000227,P0073,3,184.72,554.16
OI000227_3,ORD000227,P0065,4,179.4,717.6
OI000227_4,ORD000227,P0084,1,105.27,105.27
OI000228_1,ORD000228,P0007,4,71.49,285.96
OI000228_2,ORD000228,P0012,3,117.8,353.4
OI000228_3,ORD000228,P0033,3,81.28,243.84
OI000229_1,ORD000229,P0055,1,61.33,61.33
OI000229_2,ORD000229,P0048,4,51.56,206.24
OI000229_3,ORD000229,P0021,2,131.47,262.94
OI000229_4,ORD000229,P0059,2,37.27,74.54
OI000230_1,ORD000230,P0047,4,191.09,764.36
OI000230_2,ORD000230,P0061,4,22.39,89.56
OI000231_1,ORD000231,P0065,3,179.4,538.2
OI000231_2,ORD000231,P0039,2,142.99,285.98
OI000231_3,ORD000231,P0020,4,173.97,695.88
OI000231_4,ORD000231,P0015,4,112.2,448.8
OI000232_1,ORD000232,P0044,4,136.57,546.28
OI000232_2,ORD000232,P0092,3,133.23,399.69
OI000232_3,ORD000232,P0003,3,60.72,182.16
OI000232_4,ORD000232,P0030,1,34.08,34.08
OI000233_1,ORD000233,P0100,1,54.24,54.24
OI000234_1,ORD000234,P0005,3,112.77,338.31
OI000234_2,ORD000234,P0030,3,34.08,102.24
OI000234_3,ORD000234,P0065,2,179.4,358.8
OI000235_1,ORD000235,P0074,3,97.13,291.39
OI000235_2,ORD000235,P0078,3,169.69,509.07
OI000235_3,ORD000235,P0093,3,30.0,90.0
OI000235_4,ORD000235,P0060,4,72.63,290.52
OI000236_1,ORD000236,P0061,4,22.39,89.56
OI000236_2,ORD000236,P0035,3,97.37,292.11
OI000236_3,ORD000236,P0099,4,138.6,554.4
OI000237_1,ORD000237,P0067,2,7.73,15.46
OI000237_2,ORD000237,P0039,2,142.99,285.98
OI000237_3,ORD000237,P0064,2,153.17,306.34
OI000237_4,ORD000237,P0093,2,30.0,60.0
OI000238_1,ORD000238,P0091,4,38.31,153.24
OI000238_2,ORD000238,P0095,1,41.13,41.13
OI000238_3,ORD000238,P0043,1,68.42,68.42
OI000238_4,ORD000238,P0060,2,72.63,145.26
OI000239_1,ORD000239,P0087,3,83.61,250.83
OI000240_1,ORD000240,P0097,1,156.58,156.58
OI000240_2,ORD000240,P0039,3,142.99,428.97
OI000240_3,ORD000240,P0043,3,68.42,205.26
OI000241_1,ORD000241,P0059,4,37.27,149.08
OI000241_2,ORD000241,P0094,4,188.21,752.84
OI000241_3,ORD000241,P0013,3,71.44,214.32
OI000242_1,ORD000242,P0091,4,38.31,153.24
OI000242_2,ORD000242,P0075,4,127.46,509.84
OI000243_1,ORD000243,P0086,2,31.04,62.08
OI000243_2,ORD000243,P0017,4,61.56,246.24
OI000244_1,ORD000244,P0053,3,129.22,387.66
OI000244_2,ORD000244,P0034,3,118.58,355.74
OI000245_1,ORD000245,P0028,3,104.91,314.73
OI000245_2,ORD000245,P0098,2,133.13,266.26
OI000245_3,ORD000245,P0083,3,25.24,75.72
OI000245_4,ORD000245,P0064,4,153.17,612.68
OI000246_1,ORD000246,P0026,3,40.63,121.89
OI000246_2,ORD000246,P0082,4,44.76,179.04
OI000246_3,ORD000246,P0023,3,149.87,449.61
OI000247_1,ORD000247,P0031,3,41.42,124.26
OI000247_2,ORD000247,P0100,1,54.24,54.24
OI000247_3,ORD000247,P0073,1,184.72,184.72
OI000247_4,ORD000247,P0044,2,136.57,273.14
OI000248_1,ORD000248,P0070,4,69.32,277.28
OI000248_2,ORD000248,P0005,2,112.77,225.54
OI000248_3,ORD000248,P0077,1,90.68,90.68
OI000248_4,ORD000248,P0014,4,12.88,51.52
OI000249_1,ORD000249,P0069,4,106.21,424.84
OI000249_2,ORD000249,P0026,1,40.63,40.63
OI000250_1,ORD000250,P0050,3,79.22,237.66
OI000250_2,ORD000250,P0047,4,191.09,764.36
OI000251_1,ORD000251,P0022,4,70.65,282.6
OI000251_2,ORD000251,P0040,3,27.38,82.14
OI000251_3,ORD000251,P0062,2,112.08,224.16
OI000252_1,ORD000252,P0089,4,32.38,129.52
OI000252_2,ORD000252,P0008,2,36.13,72.26
OI000252_3,ORD000252,P0006,2,138.79,277.58
OI000252_4,ORD000252,P0024,3,21.59,64.77
OI000253_1,ORD000253,P0061,1,22.39,22.39
OI000253_2,ORD000253,P0067,4,7.73,30.92
OI000254_1,ORD000254,P0023,4,149.87,599.48
OI000254_2,ORD000254,P0073,4,184.72,738.88
OI000255_1,ORD000255,P0050,1,79.22,79.22
OI000255_2,ORD000255,P0090,2,155.64,311.28
OI000256_1,ORD000256,P0016,2,161.33,322.66
OI000257_1,ORD000257,P0047,4,191.09,764.36
OI000257_2,ORD000257,P0038,2,17.33,34.66
OI000257_3,ORD000257,P0039,3,142.99,428.97
OI000258_1,ORD000258,P0001,3,144.87,434.61
OI000258_2,ORD000258,P0083,3,25.24,75.72
OI000259_1,ORD000259,P0067,1,7.73,7.73
OI000259_2,ORD000259,P0015,4,112.2,448.8
OI000260_1,ORD000260,P0066,1,174.67,174.67
OI000261_1,ORD000261,P0022,4,70.65,282.6
OI000261_2,ORD000261,P0010,3,32.29,96.87
OI000261_3,ORD000261,P0083,2,25.24,50.48
OI000262_1,ORD000262,P0038,3,17.33,51.99
OI000262_2,ORD000262,P0066,4,174.67,698.68
OI000262_3,ORD000262,P0067,1,7.73,7.73
OI000263_1,ORD000263,P0070,3,69.32,207.96
OI000263_2,ORD000263,P0036,2,21.34,42.68
OI000263_3,ORD000263,P0047,1,191.09,191.09
OI000264_1,ORD000264,P0049,1,188.99,188.99
OI000264_2,ORD000264,P0036,2,21.34,42.68
OI000264_3,ORD000264,P0071,2,34.61,69.22
OI000265_1,ORD000265,P0094,1,188.21,188.21
OI000265_2,ORD000265,P0097,3,156.58,469.74
OI000266_1,ORD000266,P0061,4,22.39,89.56
OI000267_1,ORD000267,P0047,1,191.09,191.09
OI000267_2,ORD000267,P0089,1,32.38,32.38
OI000267_3,ORD000267,P0060,1,72.63,72.63
OI000268_1,ORD000268,P0061,3,22.39,67.17
OI000269_1,ORD000269,P0099,4,138.6,554.4
OI000269_2,ORD000269,P0098,2,133.13,266.26
OI000269_3,ORD000269,P0026,4,40.63,162.52
OI000269_4,ORD000269,P0070,1,69.32,69.32
OI000270_1,ORD000270,P0073,2,184.72,369.44
OI000270_2,ORD000270,P0084,1,105.27,105.27
OI000271_1,ORD000271,P0018,3,150.9,452.7
OI000271_2,ORD000271,P0083,4,25.24,100.96
OI000272_1,ORD000272,P0067,1,7.73,7.73
OI000272_2,ORD000272,P0025,1,111.24,111.24
OI000272_3,ORD000272,P0089,4,32.38,129.52
OI000272_4,ORD000272,P0077,4,90.68,362.72
OI000273_1,ORD000273,P0061,2,22.39,44.78
OI000273_2,ORD000273,P0080,3,46.24,138.72
OI000274_1,ORD000274,P0002,2,29.1,58.2
OI000275_1,ORD000275,P0033,1,81.28,81.28
OI000275_2,ORD000275,P0066,1,174.67,174.67
OI000276_1,ORD000276,P0036,1,21.34,21.34
OI000277_1,ORD000277,P0011,3,19.61,58.83
OI000277_2,ORD000277,P0001,1,144.87,144.87
OI000277_3,ORD000277,P0027,4,133.01,532.04
OI000277_4,ORD000277,P0032,1,96.44,96.44
OI000278_1,ORD000278,P0050,4,79.22,316.88
OI000278_2,ORD000278,P0056,4,66.57,266.28
OI000278_3,ORD000278,P0036,1,21.34,21.34
OI000278_4,ORD000278,P0015,3,112.2,336.6
OI000279_1,ORD000279,P0099,3,138.6,415.8
OI000279_2,ORD000279,P0063,4,168.76,675.04
OI000279_3,ORD000279,P0085,1,78.24,78.24
OI000280_1,ORD000280,P0014,4,12.88,51.52
OI000280_2,ORD000280,P0007,1,71.49,71.49
OI000280_3,ORD000280,P0024,4,21.59,86.36
OI000281_1,ORD000281,P0043,2,68.42,136.84
OI000282_1,ORD000282,P0084,3,105.27,315.81
OI000282_2,ORD000282,P0082,2,44.76,89.52
OI000283_1,ORD000283,P0070,1,69.32,69.32
OI000283_2,ORD000283,P0016,2,161.33,322.66
OI000283_3,ORD000283,P0022,4,70.65,282.6
OI000284_1,ORD000284,P0091,1,38.31,38.31
OI000284_2,ORD000284,P0058,2,17.55,35.1
OI000284_3,ORD000284,P0098,3,133.13,399.39
OI000284_4,ORD000284,P0095,3,41.13,123.39
OI000285_1,ORD000285,P0027,2,133.01,266.02
OI000285_2,ORD000285,P0043,3,68.42,205.26
OI000286_1,ORD000286,P0005,4,112.77,451.08
OI000286_2,ORD000286,P0076,3,113.02,339.06
OI000286_3,ORD000286,P0001,4,144.87,579.48
OI000287_1,ORD000287,P0069,4,106.21,424.84
OI000288_1,ORD000288,P0019,1,113.33,113.33
OI000288_2,ORD000288,P0095,1,41.13,41.13
OI000288_3,ORD000288,P0028,2,104.91,209.82
OI000289_1,ORD000289,P0098,2,133.13,266.26
OI000290_1,ORD000290,P0045,3,57.8,173.4
OI000290_2,ORD000290,P0049,4,188.99,755.96
OI000291_1,ORD000291,P0061,2,22.39,44.78
OI000292_1,ORD000292,P0032,4,96.44,385.76
OI000292_2,ORD000292,P0048,4,51.56,206.24
OI000292_3,ORD000292,P0081,3,59.0,177.0
OI000293_1,ORD000293,P0088,4,149.11,596.44
OI000293_2,ORD000293,P0086,1,31.04,31.04
OI000293_3,ORD000293,P0064,4,153.17,612.68
OI000294_1,ORD000294,P0056,4,66.57,266.28
OI000295_1,ORD000295,P0097,3,156.58,469.74
OI000295_2,ORD000295,P0038,2,17.33,34.66
OI000295_3,ORD000295,P0039,2,142.99,285.98
OI000295_4,ORD000295,P0037,1,102.41,102.41
OI000296_1,ORD000296,P0046,3,92.22,276.66
OI000296_2,ORD000296,P0092,3,133.23,399.69
OI000296_3,ORD000296,P0062,2,112.08,224.16
OI000297_1,ORD000297,P0029,1,152.06,152.06
OI000297_2,ORD000297,P0050,1,79.22,79.22
OI000297_3,ORD000297,P0008,2,36.13,72.26
OI000297_4,ORD000297,P0051,4,111.2,444.8
OI000298_1,ORD000298,P0002,4,29.1,116.4
OI000298_2,ORD000298,P0040,1,27.38,27.38
OI000298_3,ORD000298,P0012,1,117.8,117.8
OI000299_1,ORD000299,P0017,4,61.56,246.24
OI000299_2,ORD000299,P0025,3,111.24,333.72
OI000299_3,ORD000299,P0046,2,92.22,184.44
OI000300_1,ORD000300,P0056,4,66.57,266.28
OI000300_2,ORD000300,P0014,3,12.88,38.64
OI000300_3,ORD000300,P0044,1,136.57,136.57
OI000300_4,ORD000300,P0010,4,32.29,129.16
OI000301_1,ORD000301,P0035,2,97.37,194.74
OI000301_2,ORD000301,P0025,2,111.24,222.48
OI000301_3,ORD000301,P0078,4,169.69,678.76
OI000301_4,ORD000301,P0080,3,46.24,138.72
OI000302_1,ORD000302,P0012,1,117.8,117.8
OI000302_2,ORD000302,P0054,4,94.23,376.92
OI000302_3,ORD000302,P0037,3,102.41,307.23
OI000303_1,ORD000303,P0034,4,118.58,474.32
OI000304_1,ORD000304,P0094,2,188.21,376.42
OI000304_2,ORD000304,P0021,1,131.47,131.47
OI000305_1,ORD000305,P0007,4,71.49,285.96
OI000305_2,ORD000305,P0092,1,133.23,133.23
OI000306_1,ORD000306,P0047,3,191.09,573.27
OI000306_2,ORD000306,P0029,2,152.06,304.12
OI000307_1,ORD000307,P0002,1,29.1,29.1
OI000307_2,ORD000307,P0051,1,111.2,111.2
OI000307_3,ORD000307,P0062,3,112.08,336.24
OI000307_4,ORD000307,P0016,3,161.33,483.99
OI000308_1,ORD000308,P0098,4,133.13,532.52
OI000308_2,ORD000308,P0032,4,96.44,385.76
OI000309_1,ORD000309,P0019,3,113.33,339.99
OI000309_2,ORD000309,P0048,2,51.56,103.12
OI000310_1,ORD000310,P0082,2,44.76,89.52
OI000310_2,ORD000310,P0039,2,142.99,285.98
OI000311_1,ORD000311,P0081,2,59.0,118.0
OI000311_2,ORD000311,P0064,4,153.17,612.68
OI000311_3,ORD000311,P0070,1,69.32,69.32
OI000312_1,ORD000312,P0077,3,90.68,272.04
OI000313_1,ORD000313,P0043,2,68.42,136.84
OI000313_2,ORD000313,P0046,1,92.22,92.22
OI000313_3,ORD000313,P0093,4,30.0,120.0
OI000313_4,ORD000313,P0053,3,129.22,387.66
OI000314_1,ORD000314,P0097,4,156.58,626.32
OI000314_2,ORD000314,P0028,2,104.91,209.82
OI000315_1,ORD000315,P0048,3,51.56,154.68
OI000315_2,ORD000315,P0079,3,139.87,419.61
OI000316_1,ORD000316,P0080,3,46.24,138.72
OI000316_2,ORD000316,P0034,4,118.58,474.32
OI000317_1,ORD000317,P0019,4,113.33,453.32
OI000317_2,ORD000317,P0085,1,78.24,78.24
OI000317_3,ORD000317,P0026,3,40.63,121.89
OI000317_4,ORD000317,P0008,3,36.13,108.39
OI000318_1,ORD000318,P0059,4,37.27,149.08
OI000319_1,ORD000319,P0053,3,129.22,387.66
OI000319_2,ORD000319,P0094,3,188.21,564.63
OI000320_1,ORD000320,P0030,2,34.08,68.16
OI000321_1,ORD000321,P0047,4,191.09,764.36
OI000321_2,ORD000321,P0055,2,61.33,122.66
OI000321_3,ORD000321,P0092,1,133.23,133.23
OI000321_4,ORD000321,P0084,2,105.27,210.54
OI000322_1,ORD000322,P0096,4,69.19,276.76
OI000322_2,ORD000322,P0008,2,36.13,72.26
OI000323_1,ORD000323,P0070,3,69.32,207.96
OI000323_2,ORD000323,P0048,1,51.56,51.56
OI000323_3,ORD000323,P0023,4,149.87,599.48
OI000323_4,ORD000323,P0028,4,104.91,419.64
OI000324_1,ORD000324,P0050,2,79.22,158.44
OI000324_2,ORD000324,P0004,2,176.41,352.82
OI000324_3,ORD000324,P0068,2,99.69,199.38
OI000324_4,ORD000324,P0036,2,21.34,42.68
OI000325_1,ORD000325,P0099,2,138.6,277.2
OI000325_2,ORD000325,P0063,4,168.76,675.04
OI000325_3,ORD000325,P0004,1,176.41,176.41
OI000326_1,ORD000326,P0072,3,24.01,72.03
OI000326_2,ORD000326,P0011,4,19.61,78.44
OI000326_3,ORD000326,P0050,1,79.22,79.22
OI000327_1,ORD000327,P0098,3,133.13,399.39
OI000327_2,ORD000327,P0047,4,191.09,764.36
OI000327_3,ORD000327,P0050,3,79.22,237.66
OI000328_1,ORD000328,P0003,2,60.72,121.44
OI000328_2,ORD000328,P0056,3,66.57,199.71
OI000328_3,ORD000328,P0034,2,118.58,237.16
OI000328_4,ORD000328,P0008,2,36.13,72.26
OI000329_1,ORD000329,P0024,2,21.59,43.18
OI000330_1,ORD000330,P0010,3,32.29,96.87
OI000330_2,ORD000330,P0070,1,69.32,69.32
OI000331_1,ORD000331,P0091,1,38.31,38.31
OI000332_1,ORD000332,P0031,4,41.42,165.68
OI000332_2,ORD000332,P0070,1,69.32,69.32
OI000332_3,ORD000332,P0004,4,176.41,705.64
OI000333_1,ORD000333,P0061,4,22.39,89.56
OI000333_2,ORD000333,P0072,1,24.01,24.01
OI000333_3,ORD000333,P0003,2,60.72,121.44
OI000334_1,ORD000334,P0024,3,21.59,64.77
OI000335_1,ORD000335,P0037,4,102.41,409.64
OI000335_2,ORD000335,P0014,1,12.88,12.88
OI000336_1,ORD000336,P0025,1,111.24,111.24
OI000337_1,ORD000337,P0060,1,72.63,72.63
OI000338_1,ORD000338,P0008,2,36.13,72.26
OI000338_2,ORD000338,P0067,1,7.73,7.73
OI000339_1,ORD000339,P0054,2,94.23,188.46
OI000339_2,ORD000339,P0088,2,149.11,298.22
OI000340_1,ORD000340,P0092,3,133.23,399.69
OI000341_1,ORD000341,P0085,1,78.24,78.24
OI000341_2,ORD000341,P0029,2,152.06,304.12
OI000341_3,ORD000341,P0081,3,59.0,177.0
OI000342_1,ORD000342,P0032,1,96.44,96.44
OI000342_2,ORD000342,P0096,1,69.19,69.19
OI000342_3,ORD000342,P0088,3,149.11,447.33
OI000342_4,ORD000342,P0068,3,99.69,299.07
OI000343_1,ORD000343,P0054,3,94.23,282.69
OI000343_2,ORD000343,P0026,4,40.63,162.52
OI000343_3,ORD000343,P0094,3,188.21,564.63
OI000343_4,ORD000343,P0020,3,173.97,521.91
OI000344_1,ORD000344,P0061,1,22.39,22.39
OI000344_2,ORD000344,P0079,4,139.87,559.48
OI000345_1,ORD000345,P0030,1,34.08,34.08
OI000346_1,ORD000346,P0080,1,46.24,46.24
OI000346_2,ORD000346,P0056,4,66.57,266.28
OI000346_3,ORD000346,P0007,3,71.49,214.47
OI000347_1,ORD000347,P0085,1,78.24,78.24
OI000347_2,ORD000347,P0042,2,31.1,62.2
OI000348_1,ORD000348,P0048,2,51.56,103.12
OI000348_2,ORD000348,P0047,2,191.09,382.18
OI000348_3,ORD000348,P0059,2,37.27,74.54
OI000348_4,ORD000348,P0051,1,111.2,111.2
OI000349_1,ORD000349,P0032,1,96.44,96.44
OI000349_2,ORD000349,P0044,4,136.57,546.28
OI000350_1,ORD000350,P0070,4,69.32,277.28
OI000350_2,ORD000350,P0013,4,71.44,285.76
OI000351_1,ORD000351,P0021,4,131.47,525.88
OI000351_2,ORD000351,P0066,2,174.67,349.34
OI000352_1,ORD000352,P0094,1,188.21,188.21
OI000352_2,ORD000352,P0046,4,92.22,368.88
OI000352_3,ORD000352,P0072,1,24.01,24.01
OI000353_1,ORD000353,P0033,2,81.28,162.56
OI000353_2,ORD000353,P0069,2,106.21,212.42
OI000353_3,ORD000353,P0027,2,133.01,266.02
OI000353_4,ORD000353,P0051,2,111.2,222.4
OI000354_1,ORD000354,P0082,1,44.76,44.76
OI000354_2,ORD000354,P0063,2,168.76,337.52
OI000354_3,ORD000354,P0033,1,81.28,81.28
OI000354_4,ORD000354,P0088,3,149.11,447.33
OI000355_1,ORD000355,P0018,1,150.9,150.9
OI000355_2,ORD000355,P0048,2,51.56,103.12
OI000356_1,ORD000356,P0055,3,61.33,183.99
OI000357_1,ORD000357,P0079,3,139.87,419.61
OI000357_2,ORD000357,P0024,3,21.59,64.77
OI000357_3,ORD000357,P0070,4,69.32,277.28
OI000357_4,ORD000357,P0088,3,149.11,447.33
OI000358_1,ORD000358,P0039,3,142.99,428.97
OI000358_2,ORD000358,P0051,1,111.2,111.2
OI000358_3,ORD000358,P0083,2,25.24,50.48
OI000358_4,ORD000358,P0094,3,188.21,564.63
OI000359_1,ORD000359,P0050,4,79.22,316.88
OI000359_2,ORD000359,P0062,4,112.08,448.32
OI000360_1,ORD000360,P0034,4,118.58,474.32
OI000360_2,ORD000360,P0078,2,169.69,339.38
OI000360_3,ORD000360,P0080,1,46.24,46.24
OI000361_1,ORD000361,P0040,3,27.38,82.14
OI000362_1,ORD000362,P0025,3,111.24,333.72
OI000362_2,ORD000362,P0081,2,59.0,118.0
OI000362_3,ORD000362,P0020,1,173.97,173.97
OI000363_1,ORD000363,P0070,1,69.32,69.32
OI000363_2,ORD000363,P0023,2,149.87,299.74
OI000364_1,ORD000364,P0037,1,102.41,102.41
OI000364_2,ORD000364,P0056,1,66.57,66.57
OI000365_1,ORD000365,P0037,1,102.41,102.41
OI000365_2,ORD000365,P0091,2,38.31,76.62
OI000365_3,ORD000365,P0055,2,61.33,122.66
OI000366_1,ORD000366,P0089,1,32.38,32.38
OI000366_2,ORD000366,P0060,4,72.63,290.52
OI000366_3,ORD000366,P0088,2,149.11,298.22
OI000367_1,ORD000367,P0064,4,153.17,612.68
OI000368_1,ORD000368,P0041,1,31.15,31.15
OI000368_2,ORD000368,P0054,2,94.23,188.46
OI000369_1,ORD000369,P0093,3,30.0,90.0
OI000369_2,ORD000369,P0040,1,27.38,27.38
OI000369_3,ORD000369,P0006,1,138.79,138.79
OI000370_1,ORD000370,P0089,4,32.38,129.52
OI000370_2,ORD000370,P0041,3,31.15,93.45
OI000371_1,ORD000371,P0086,3,31.04,93.12
OI000371_2,ORD000371,P0042,2,31.1,62.2
OI000371_3,ORD000371,P0046,3,92.22,276.66
OI000371_4,ORD000371,P0065,2,179.4,358.8
OI000372_1,ORD000372,P0007,2,71.49,142.98
OI000372_2,ORD000372,P0013,4,71.44,285.76
OI000373_1,ORD000373,P0076,1,113.02,113.02
OI000374_1,ORD000374,P0065,1,179.4,179.4
OI000375_1,ORD000375,P0009,1,47.47,47.47
OI000375_2,ORD000375,P0099,4,138.6,554.4
OI000375_3,ORD000375,P0010,4,32.29,129.16
OI000375_4,ORD000375,P0066,4,174.67,698.68
OI000376_1,ORD000376,P0082,1,44.76,44.76
OI000377_1,ORD000377,P0078,1,169.69,169.69
OI000377_2,ORD000377,P0071,3,34.61,103.83
OI000377_3,ORD000377,P0019,3,113.33,339.99
OI000378_1,ORD000378,P0002,2,29.1,58.2
OI000379_1,ORD000379,P0046,4,92.22,368.88
OI000379_2,ORD000379,P0057,2,113.45,226.9
OI000379_3,ORD000379,P0030,3,34.08,102.24
OI000379_4,ORD000379,P0047,4,191.09,764.36
OI000380_1,ORD000380,P0040,4,27.38,109.52
OI000380_2,ORD000380,P0074,4,97.13,388.52
OI000381_1,ORD000381,P0029,2,152.06,304.12
OI000381_2,ORD000381,P0057,4,113.45,453.8
OI000382_1,ORD000382,P0068,4,99.69,398.76
OI000382_2,ORD000382,P0086,3,31.04,93.12
OI000383_1,ORD000383,P0033,1,81.28,81.28
OI000383_2,ORD000383,P0095,2,41.13,82.26
OI000383_3,ORD000383,P0086,4,31.04,124.16
OI000384_1,ORD000384,P0026,1,40.63,40.63
OI000384_2,ORD000384,P0097,2,156.58,313.16
OI000384_3,ORD000384,P0010,1,32.29,32.29
OI000385_1,ORD000385,P0052,4,86.55,346.2
OI000386_1,ORD000386,P0036,2,21.34,42.68
OI000387_1,ORD000387,P0073,3,184.72,554.16
OI000387_2,ORD000387,P0071,4,34.61,138.44
OI000387_3,ORD000387,P0100,2,54.24,108.48
OI000388_1,ORD000388,P0039,1,142.99,142.99
OI000388_2,ORD000388,P0083,1,25.24,25.24
OI000388_3,ORD000388,P0040,3,27.38,82.14
OI000388_4,ORD000388,P0073,1,184.72,184.72
OI000389_1,ORD000389,P0035,2,97.37,194.74
OI000389_2,ORD000389,P0044,3,136.57,409.71
OI000389_3,ORD000389,P0042,4,31.1,124.4
OI000389_4,ORD000389,P0037,3,102.41,307.23
OI000390_1,ORD000390,P0050,3,79.22,237.66
OI000390_2,ORD000390,P0022,1,70.65,70.65
OI000391_1,ORD000391,P0073,3,184.72,554.16
OI000391_2,ORD000391,P0079,4,139.87,559.48
OI000391_3,ORD000391,P0006,1,138.79,138.79
OI000392_1,ORD000392,P0081,3,59.0,177.0
OI000393_1,ORD000393,P0021,1,131.47,131.47
OI000393_2,ORD000393,P0020,3,173.97,521.91
OI000394_1,ORD000394,P0061,3,22.39,67.17
OI000395_1,ORD000395,P0003,4,60.72,242.88
OI000396_1,ORD000396,P0004,1,176.41,176.41
OI000396_2,ORD000396,P0069,2,106.21,212.42
OI000396_3,ORD000396,P0092,2,133.23,266.46
OI000396_4,ORD000396,P0044,4,136.57,546.28
OI000397_1,ORD000397,P0094,4,188.21,752.84
OI000397_2,ORD000397,P0005,4,112.77,451.08
OI000397_3,ORD000397,P0099,3,138.6,415.8
OI000397_4,ORD000397,P0055,2,61.33,122.66
OI000398_1,ORD000398,P0040,2,27.38,54.76
OI000398_2,ORD000398,P0032,2,96.44,192.88
OI000398_3,ORD000398,P0017,3,61.56,184.68
OI000399_1,ORD000399,P0018,3,150.9,452.7
OI000399_2,ORD000399,P0043,2,68.42,136.84
OI000399_3,ORD000399,P0013,3,71.44,214.32
OI000399_4,ORD000399,P0020,1,173.97,173.97
OI000400_1,ORD000400,P0026,4,40.63,162.52
OI000400_2,ORD000400,P0059,3,37.27,111.81
OI000401_1,ORD000401,P0041,4,31.15,124.6
OI000401_2,ORD000401,P0088,4,149.11,596.44
OI000401_3,ORD000401,P0060,1,72.63,72.63
OI000402_1,ORD000402,P0067,2,7.73,15.46
OI000402_2,ORD000402,P0092,4,133.23,532.92
OI000402_3,ORD000402,P0051,2,111.2,222.4
OI000403_1,ORD000403,P0059,1,37.27,37.27
OI000403_2,ORD000403,P0100,4,54.24,216.96
OI000403_3,ORD000403,P0079,2,139.87,279.74
OI000404_1,ORD000404,P0053,2,129.22,258.44
OI000404_2,ORD000404,P0091,3,38.31,114.93
OI000405_1,ORD000405,P0016,3,161.33,483.99
OI000405_2,ORD000405,P0055,1,61.33,61.33
OI000406_1,ORD000406,P0050,2,79.22,158.44
OI000406_2,ORD000406,P0005,3,112.77,338.31
OI000407_1,ORD000407,P0033,2,81.28,162.56
OI000408_1,ORD000408,P0078,4,169.69,678.76
OI000408_2,ORD000408,P0004,2,176.41,352.82
OI000408_3,ORD000408,P0055,2,61.33,122.66
OI000409_1,ORD000409,P0053,3,129.22,387.66
OI000410_1,ORD000410,P0029,3,152.06,456.18
OI000411_1,ORD000411,P0041,1,31.15,31.15
OI000411_2,ORD000411,P0100,1,54.24,54.24
OI000411_3,ORD000411,P0087,3,83.61,250.83
OI000411_4,ORD000411,P0004,1,176.41,176.41
OI000412_1,ORD000412,P0098,2,133.13,266.26
OI000412_2,ORD000412,P0033,3,81.28,243.84
OI000413_1,ORD000413,P0030,2,34.08,68.16
OI000413_2,ORD000413,P0017,4,61.56,246.24
OI000413_3,ORD000413,P0059,3,37.27,111.81
OI000414_1,ORD000414,P0047,3,191.09,573.27
OI000415_1,ORD000415,P0046,3,92.22,276.66
OI000415_2,ORD000415,P0018,1,150.9,150.9
OI000416_1,ORD000416,P0017,4,61.56,246.24
OI000417_1,ORD000417,P0038,3,17.33,51.99
OI000418_1,ORD000418,P0077,4,90.68,362.72
OI000418_2,ORD000418,P0057,3,113.45,340.35
OI000419_1,ORD000419,P0088,3,149.11,447.33
OI000419_2,ORD000419,P0071,3,34.61,103.83
OI000419_3,ORD000419,P0023,4,149.87,599.48
OI000419_4,ORD000419,P0041,1,31.15,31.15
OI000420_1,ORD000420,P0042,1,31.1,31.1
OI000420_2,ORD000420,P0091,3,38.31,114.93
OI000420_3,ORD000420,P0021,4,131.47,525.88
OI000420_4,ORD000420,P0045,3,57.8,173.4
OI000421_1,ORD000421,P0070,4,69.32,277.28
OI000421_2,ORD000421,P0058,4,17.55,70.2
OI000421_3,ORD000421,P0053,3,129.22,387.66
OI000421_4,ORD000421,P0056,4,66.57,266.28
OI000422_1,ORD000422,P0050,3,79.22,237.66
OI000422_2,ORD000422,P0017,3,61.56,184.68
OI000422_3,ORD000422,P0030,4,34.08,136.32
OI000422_4,ORD000422,P0020,4,173.97,695.88
OI000423_1,ORD000423,P0013,1,71.44,71.44
OI000424_1,ORD000424,P0021,3,131.47,394.41
OI000424_2,ORD000424,P0056,1,66.57,66.57
OI000425_1,ORD000425,P0010,1,32.29,32.29
OI000425_2,ORD000425,P0007,3,71.49,214.47
OI000425_3,ORD000425,P0028,4,104.91,419.64
OI000425_4,ORD000425,P0040,1,27.38,27.38
OI000426_1,ORD000426,P0055,4,61.33,245.32
OI000426_2,ORD000426,P0057,1,113.45,113.45
OI000426_3,ORD000426,P0083,4,25.24,100.96
OI000426_4,ORD000426,P0045,1,57.8,57.8
OI000427_1,ORD000427,P0045,4,57.8,231.2
OI000428_1,ORD000428,P0049,4,188.99,755.96
OI000428_2,ORD000428,P0064,4,153.17,612.68
OI000428_3,ORD000428,P0020,2,173.97,347.94
OI000428_4,ORD000428,P0048,1,51.56,51.56
OI000429_1,ORD000429,P0075,3,127.46,382.38
OI000430_1,ORD000430,P0052,3,86.55,259.65
OI000431_1,ORD000431,P0066,2,174.67,349.34
OI000431_2,ORD000431,P0016,2,161.33,322.66
OI000431_3,ORD000431,P0070,4,69.32,277.28
OI000431_4,ORD000431,P0019,2,113.33,226.66
OI000432_1,ORD000432,P0018,1,150.9,150.9
OI000432_2,ORD000432,P0002,2,29.1,58.2
OI000432_3,ORD000432,P0046,3,92.22,276.66
OI000432_4,ORD000432,P0009,4,47.47,189.88
OI000433_1,ORD000433,P0076,3,113.02,339.06
OI000433_2,ORD000433,P0063,1,168.76,168.76
OI000434_1,ORD000434,P0064,3,153.17,459.51
OI000434_2,ORD000434,P0004,4,176.41,705.64
OI000434_3,ORD000434,P0096,1,69.19,69.19
OI000434_4,ORD000434,P0030,4,34.08,136.32
OI000435_1,ORD000435,P0003,1,60.72,60.72
OI000435_2,ORD000435,P0007,1,71.49,71.49
OI000435_3,ORD000435,P0066,3,174.67,524.01
OI000436_1,ORD000436,P0075,2,127.46,254.92
OI000436_2,ORD000436,P0001,2,144.87,289.74
OI000437_1,ORD000437,P0020,1,173.97,173.97
OI000437_2,ORD000437,P0021,1,131.47,131.47
OI000437_3,ORD000437,P0071,4,34.61,138.44
OI000437_4,ORD000437,P0099,2,138.6,277.2
OI000438_1,ORD000438,P0040,1,27.38,27.38
OI000438_2,ORD000438,P0067,3,7.73,23.19
OI000439_1,ORD000439,P0100,1,54.24,54.24
OI000439_2,ORD000439,P0069,2,106.21,212.42
OI000439_3,ORD000439,P0091,3,38.31,114.93
OI000440_1,ORD000440,P0034,4,118.58,474.32
OI000440_2,ORD000440,P0086,1,31.04,31.04
OI000440_3,ORD000440,P0081,2,59.0,118.0
OI000440_4,ORD000440,P0074,3,97.13,291.39
OI000441_1,ORD000441,P0019,3,113.33,339.99
OI000441_2,ORD000441,P0081,1,59.0,59.0
OI000442_1,ORD000442,P0087,3,83.61,250.83
OI000442_2,ORD000442,P0077,4,90.68,362.72
OI000442_3,ORD000442,P0063,2,168.76,337.52
OI000443_1,ORD000443,P0089,2,32.38,64.76
OI000444_1,ORD000444,P0017,1,61.56,61.56
OI000445_1,ORD000445,P0082,4,44.76,179.04
OI000446_1,ORD000446,P0094,2,188.21,376.42
OI000446_2,ORD000446,P0037,3,102.41,307.23
OI000446_3,ORD000446,P0056,1,66.57,66.57
OI000446_4,ORD000446,P0012,3,117.8,353.4
OI000447_1,ORD000447,P0099,4,138.6,554.4
OI000448_1,ORD000448,P0023,4,149.87,599.48
OI000448_2,ORD000448,P0040,1,27.38,27.38
OI000448_3,ORD000448,P0076,4,113.02,452.08
OI000448_4,ORD000448,P0092,2,133.23,266.46
OI000449_1,ORD000449,P0010,1,32.29,32.29
OI000449_2,ORD000449,P0070,3,69.32,207.96
OI000449_3,ORD000449,P0029,3,152.06,456.18
OI000450_1,ORD000450,P0075,2,127.46,254.92
OI000450_2,ORD000450,P0068,3,99.69,299.07
OI000451_1,ORD000451,P0058,2,17.55,35.1
OI000451_2,ORD000451,P0093,4,30.0,120.0
OI000451_3,ORD000451,P0063,2,168.76,337.52
OI000452_1,ORD000452,P0008,4,36.13,144.52
OI000452_2,ORD000452,P0022,1,70.65,70.65
OI000452_3,ORD000452,P0018,1,150.9,150.9
OI000453_1,ORD000453,P0091,3,38.31,114.93
OI000454_1,ORD000454,P0046,1,92.22,92.22
OI000454_2,ORD000454,P0032,3,96.44,289.32
OI000454_3,ORD000454,P0096,3,69.19,207.57
OI000455_1,ORD000455,P0032,4,96.44,385.76
OI000455_2,ORD000455,P0058,4,17.55,70.2
OI000455_3,ORD000455,P0062,3,112.08,336.24
OI000455_4,ORD000455,P0089,2,32.38,64.76
OI000456_1,ORD000456,P0059,1,37.27,37.27
OI000456_2,ORD000456,P0096,4,69.19,276.76
OI000456_3,ORD000456,P0081,4,59.0,236.0
OI000456_4,ORD000456,P0006,2,138.79,277.58
OI000457_1,ORD000457,P0057,1,113.45,113.45
OI000458_1,ORD000458,P0051,3,111.2,333.6
OI000459_1,ORD000459,P0099,1,138.6,138.6
OI000459_2,ORD000459,P0100,4,54.24,216.96
OI000459_3,ORD000459,P0010,4,32.29,129.16
OI000459_4,ORD000459,P0079,1,139.87,139.87
OI000460_1,ORD000460,P0037,3,102.41,307.23
OI000460_2,ORD000460,P0099,4,138.6,554.4
OI000461_1,ORD000461,P0003,4,60.72,242.88
OI000461_2,ORD000461,P0030,3,34.08,102.24
OI000461_3,ORD000461,P0088,1,149.11,149.11
OI000461_4,ORD000461,P0005,4,112.77,451.08
OI000462_1,ORD000462,P0029,1,152.06,152.06
OI000462_2,ORD000462,P0076,1,113.02,113.02
OI000462_3,ORD000462,P0044,2,136.57,273.14
OI000462_4,ORD000462,P0071,2,34.61,69.22
OI000463_1,ORD000463,P0059,1,37.27,37.27
OI000463_2,ORD000463,P0043,1,68.42,68.42
OI000463_3,ORD000463,P0057,4,113.45,453.8
OI000464_1,ORD000464,P0064,4,153.17,612.68
OI000464_2,ORD000464,P0012,2,117.8,235.6
OI000464_3,ORD000464,P0060,3,72.63,217.89
OI000464_4,ORD000464,P0057,4,113.45,453.8
OI000465_1,ORD000465,P0050,4,79.22,316.88
OI000466_1,ORD000466,P0048,4,51.56,206.24
OI000466_2,ORD000466,P0039,2,142.99,285.98
OI000466_3,ORD000466,P0008,1,36.13,36.13
OI000466_4,ORD000466,P0011,2,19.61,39.22
OI000467_1,ORD000467,P0091,4,38.31,153.24
OI000467_2,ORD000467,P0056,2,66.57,133.14
OI000468_1,ORD000468,P0084,1,105.27,105.27
OI000468_2,ORD000468,P0062,1,112.08,112.08
OI000468_3,ORD000468,P0014,1,12.88,12.88
OI000469_1,ORD000469,P0003,3,60.72,182.16
OI000470_1,ORD000470,P0015,3,112.2,336.6
OI000470_2,ORD000470,P0093,2,30.0,60.0
OI000471_1,ORD000471,P0078,3,169.69,509.07
OI000471_2,ORD000471,P0056,2,66.57,133.14
OI000471_3,ORD000471,P0010,4,32.29,129.16
OI000472_1,ORD000472,P0052,4,86.55,346.2
OI000473_1,ORD000473,P0037,2,102.41,204.82
OI000473_2,ORD000473,P0053,1,129.22,129.22
OI000473_3,ORD000473,P0094,4,188.21,752.84
OI000474_1,ORD000474,P0045,2,57.8,115.6
OI000474_2,ORD000474,P0058,1,17.55,17.55
OI000474_3,ORD000474,P0062,4,112.08,448.32
OI000474_4,ORD000474,P0001,3,144.87,434.61
OI000475_1,ORD000475,P0057,4,113.45,453.8
OI000475_2,ORD000475,P0009,1,47.47,47.47
OI000476_1,ORD000476,P0069,2,106.21,212.42
OI000476_2,ORD000476,P0078,2,169.69,339.38
OI000476_3,ORD000476,P0030,1,34.08,34.08
OI000476_4,ORD000476,P0023,3,149.87,449.61
OI000477_1,ORD000477,P0086,3,31.04,93.12
OI000478_1,ORD000478,P0082,3,44.76,134.28
OI000479_1,ORD000479,P0058,3,17.55,52.65
OI000480_1,ORD000480,P0048,3,51.56,154.68
OI000481_1,ORD000481,P0035,3,97.37,292.11
OI000481_2,ORD000481,P0100,1,54.24,54.24
OI000481_3,ORD000481,P0021,3,131.47,394.41
OI000482_1,ORD000482,P0074,3,97.13,291.39
OI000483_1,ORD000483,P0097,4,156.58,626.32
OI000483_2,ORD000483,P0064,4,153.17,612.68
OI000484_1,ORD000484,P0090,4,155.64,622.56
OI000484_2,ORD000484,P0085,2,78.24,156.48
OI000484_3,ORD000484,P0086,4,31.04,124.16
OI000485_1,ORD000485,P0028,3,104.91,314.73
OI000485_2,ORD000485,P0001,2,144.87,289.74
OI000485_3,ORD000485,P0044,1,136.57,136.57
OI000485_4,ORD000485,P0034,3,118.58,355.74
OI000486_1,ORD000486,P0096,4,69.19,276.76
OI000486_2,ORD000486,P0036,2,21.34,42.68
OI000486_3,ORD000486,P0030,1,34.08,34.08
OI000486_4,ORD000486,P0058,4,17.55,70.2
OI000487_1,ORD000487,P0093,1,30.0,30.0
OI000487_2,ORD000487,P0036,1,21.34,21.34
OI000487_3,ORD000487,P0007,4,71.49,285.96
OI000487_4,ORD000487,P0062,4,112.08,448.32
OI000488_1,ORD000488,P0078,3,169.69,509.07
OI000488_2,ORD000488,P0021,4,131.47,525.88
OI000488_3,ORD000488,P0074,4,97.13,388.52
OI000489_1,ORD000489,P0032,1,96.44,96.44
OI000489_2,ORD000489,P0038,2,17.33,34.66
OI000489_3,ORD000489,P0085,3,78.24,234.72
OI000490_1,ORD000490,P0027,4,133.01,532.04
OI000490_2,ORD000490,P0067,4,7.73,30.92
OI000491_1,ORD000491,P0084,3,105.27,315.81
OI000491_2,ORD000491,P0016,4,161.33,645.32
OI000491_3,ORD000491,P0032,2,96.44,192.88
OI000491_4,ORD000491,P0087,4,83.61,334.44
OI000492_1,ORD000492,P0059,1,37.27,37.27
OI000492_2,ORD000492,P0081,4,59.0,236.0
OI000492_3,ORD000492,P0072,2,24.01,48.02
OI000492_4,ORD000492,P0097,3,156.58,469.74
OI000493_1,ORD000493,P0036,4,21.34,85.36
OI000493_2,ORD000493,P0083,1,25.24,25.24
OI000493_3,ORD000493,P0065,1,179.4,179.4
OI000494_1,ORD000494,P0050,4,79.22,316.88
OI000494_2,ORD000494,P0086,1,31.04,31.04
OI000494_3,ORD000494,P0012,1,117.8,117.8
OI000495_1,ORD000495,P0032,4,96.44,385.76
OI000496_1,ORD000496,P0006,2,138.79,277.58
OI000496_2,ORD000496,P0089,3,32.38,97.14
OI000496_3,ORD000496,P0010,3,32.29,96.87
OI000497_1,ORD000497,P0054,4,94.23,376.92
OI000497_2,ORD000497,P0014,3,12.88,38.64
OI000497_3,ORD000497,P0004,1,176.41,176.41
OI000497_4,ORD000497,P0010,2,32.29,64.58
OI000498_1,ORD000498,P0082,1,44.76,44.76
OI000499_1,ORD000499,P0050,1,79.22,79.22
OI000499_2,ORD000499,P0085,4,78.24,312.96
OI000499_3,ORD000499,P0028,4,104.91,419.64
OI000500_1,ORD000500,P0061,4,22.39,89.56
OI000500_2,ORD000500,P0062,4,112.08,448.32
OI000500_3,ORD000500,P0090,2,155.64,311.28
OI000500_4,ORD000500,P0012,4,117.8,471.2
OI000501_1,ORD000501,P0033,2,81.28,162.56
OI000501_2,ORD000501,P0039,1,142.99,142.99
OI000502_1,ORD000502,P0040,2,27.38,54.76
OI000502_2,ORD000502,P0071,1,34.61,34.61
OI000503_1,ORD000503,P0099,4,138.6,554.4
OI000503_2,ORD000503,P0025,2,111.24,222.48
OI000503_3,ORD000503,P0032,1,96.44,96.44
OI000503_4,ORD000503,P0096,2,69.19,138.38
OI000504_1,ORD000504,P0005,3,112.77,338.31
OI000505_1,ORD000505,P0027,4,133.01,532.04
OI000505_2,ORD000505,P0069,3,106.21,318.63
OI000505_3,ORD000505,P0056,4,66.57,266.28
OI000505_4,ORD000505,P0050,3,79.22,237.66
OI000506_1,ORD000506,P0017,2,61.56,123.12
OI000506_2,ORD000506,P0099,1,138.6,138.6
OI000506_3,ORD000506,P0058,3,17.55,52.65
OI000506_4,ORD000506,P0008,2,36.13,72.26
OI000507_1,ORD000507,P0054,4,94.23,376.92
OI000507_2,ORD000507,P0090,1,155.64,155.64
OI000507_3,ORD000507,P0091,3,38.31,114.93
OI000507_4,ORD000507,P0064,1,153.17,153.17
OI000508_1,ORD000508,P0081,3,59.0,177.0
OI000508_2,ORD000508,P0089,3,32.38,97.14
OI000509_1,ORD000509,P0056,2,66.57,133.14
OI000509_2,ORD000509,P0025,3,111.24,333.72
OI000510_1,ORD000510,P0072,1,24.01,24.01
OI000510_2,ORD000510,P0028,1,104.91,104.91
OI000510_3,ORD000510,P0056,4,66.57,266.28
OI000511_1,ORD000511,P0054,1,94.23,94.23
OI000511_2,ORD000511,P0094,2,188.21,376.42
OI000511_3,ORD000511,P0093,4,30.0,120.0
OI000512_1,ORD000512,P0014,4,12.88,51.52
OI000512_2,ORD000512,P0079,1,139.87,139.87
OI000512_3,ORD000512,P0060,1,72.63,72.63
OI000513_1,ORD000513,P0064,4,153.17,612.68
OI000513_2,ORD000513,P0017,1,61.56,61.56
OI000514_1,ORD000514,P0071,4,34.61,138.44
OI000514_2,ORD000514,P0040,2,27.38,54.76
OI000514_3,ORD000514,P0012,4,117.8,471.2
OI000515_1,ORD000515,P0055,2,61.33,122.66
OI000516_1,ORD000516,P0021,1,131.47,131.47
OI000517_1,ORD000517,P0050,1,79.22,79.22
OI000517_2,ORD000517,P0064,2,153.17,306.34
OI000517_3,ORD000517,P0084,1,105.27,105.27
OI000518_1,ORD000518,P0015,1,112.2,112.2
OI000519_1,ORD000519,P0100,3,54.24,162.72
OI000520_1,ORD000520,P0044,4,136.57,546.28
OI000520_2,ORD000520,P0005,3,112.77,338.31
OI000521_1,ORD000521,P0034,3,118.58,355.74
OI000521_2,ORD000521,P0057,2,113.45,226.9
OI000522_1,ORD000522,P0009,2,47.47,94.94
OI000522_2,ORD000522,P0100,4,54.24,216.96
OI000522_3,ORD000522,P0004,3,176.41,529.23
OI000523_1,ORD000523,P0041,4,31.15,124.6
OI000523_2,ORD000523,P0066,3,174.67,524.01
OI000524_1,ORD000524,P0097,1,156.58,156.58
OI000524_2,ORD000524,P0072,4,24.01,96.04
OI000525_1,ORD000525,P0007,4,71.49,285.96
OI000525_2,ORD000525,P0099,1,138.6,138.6
OI000526_1,ORD000526,P0021,3,131.47,394.41
OI000527_1,ORD000527,P0073,1,184.72,184.72
OI000528_1,ORD000528,P0023,2,149.87,299.74
OI000528_2,ORD000528,P0002,1,29.1,29.1
OI000529_1,ORD000529,P0099,4,138.6,554.4
OI000529_2,ORD000529,P0036,2,21.34,42.68
OI000529_3,ORD000529,P0026,4,40.63,162.52
OI000530_1,ORD000530,P0051,1,111.2,111.2
OI000531_1,ORD000531,P0077,1,90.68,90.68
OI000532_1,ORD000532,P0073,3,184.72,554.16
OI000532_2,ORD000532,P0036,3,21.34,64.02
OI000532_3,ORD000532,P0049,4,188.99,755.96
OI000533_1,ORD000533,P0053,4,129.22,516.88
OI000533_2,ORD000533,P0019,2,113.33,226.66
OI000533_3,ORD000533,P0030,1,34.08,34.08
OI000534_1,ORD000534,P0027,3,133.01,399.03
OI000534_2,ORD000534,P0059,2,37.27,74.54
OI000535_1,ORD000535,P0096,1,69.19,69.19
OI000535_2,ORD000535,P0008,3,36.13,108.39
OI000536_1,ORD000536,P0027,2,133.01,266.02
OI000537_1,ORD000537,P0043,3,68.42,205.26
OI000537_2,ORD000537,P0040,3,27.38,82.14
OI000538_1,ORD000538,P0026,2,40.63,81.26
OI000538_2,ORD000538,P0085,2,78.24,156.48
OI000539_1,ORD000539,P0036,2,21.34,42.68
OI000539_2,ORD000539,P0078,3,169.69,509.07
OI000539_3,ORD000539,P0077,2,90.68,181.36
OI000539_4,ORD000539,P0089,1,32.38,32.38
OI000540_1,ORD000540,P0002,3,29.1,87.3
OI000541_1,ORD000541,P0085,1,78.24,78.24
OI000541_2,ORD000541,P0040,1,27.38,27.38
OI000541_3,ORD000541,P0075,1,127.46,127.46
OI000541_4,ORD000541,P0078,4,169.69,678.76
OI000542_1,ORD000542,P0050,3,79.22,237.66
OI000542_2,ORD000542,P0032,1,96.44,96.44
OI000542_3,ORD000542,P0067,2,7.73,15.46
OI000543_1,ORD000543,P0007,4,71.49,285.96
OI000544_1,ORD000544,P0026,2,40.63,81.26
OI000545_1,ORD000545,P0052,4,86.55,346.2
OI000545_2,ORD000545,P0053,2,129.22,258.44
OI000545_3,ORD000545,P0031,4,41.42,165.68
OI000546_1,ORD000546,P0040,3,27.38,82.14
OI000546_2,ORD000546,P0081,1,59.0,59.0
OI000546_3,ORD000546,P0078,2,169.69,339.38
OI000546_4,ORD000546,P0030,1,34.08,34.08
OI000547_1,ORD000547,P0046,2,92.22,184.44
OI000548_1,ORD000548,P0001,1,144.87,144.87
OI000548_2,ORD000548,P0046,4,92.22,368.88
OI000548_3,ORD000548,P0089,4,32.38,129.52
OI000549_1,ORD000549,P0029,2,152.06,304.12
OI000549_2,ORD000549,P0016,4,161.33,645.32
OI000549_3,ORD000549,P0099,4,138.6,554.4
OI000550_1,ORD000550,P0080,1,46.24,46.24
OI000551_1,ORD000551,P0062,2,112.08,224.16
OI000551_2,ORD000551,P0057,1,113.45,113.45
OI000551_3,ORD000551,P0043,4,68.42,273.68
OI000552_1,ORD000552,P0023,2,149.87,299.74
OI000552_2,ORD000552,P0075,4,127.46,509.84
OI000552_3,ORD000552,P0045,2,57.8,115.6
OI000552_4,ORD000552,P0007,4,71.49,285.96
OI000553_1,ORD000553,P0029,3,152.06,456.18
OI000553_2,ORD000553,P0036,4,21.34,85.36
OI000554_1,ORD000554,P0068,1,99.69,99.69
OI000554_2,ORD000554,P0090,3,155.64,466.92
OI000554_3,ORD000554,P0012,2,117.8,235.6
OI000554_4,ORD000554,P0011,2,19.61,39.22
OI000555_1,ORD000555,P0014,4,12.88,51.52
OI000555_2,ORD000555,P0033,3,81.28,243.84
OI000555_3,ORD000555,P0058,3,17.55,52.65
OI000555_4,ORD000555,P0052,3,86.55,259.65
OI000556_1,ORD000556,P0060,4,72.63,290.52
OI000556_2,ORD000556,P0051,4,111.2,444.8
OI000556_3,ORD000556,P0019,3,113.33,339.99
OI000556_4,ORD000556,P0071,1,34.61,34.61
OI000557_1,ORD000557,P0004,3,176.41,529.23
OI000557_2,ORD000557,P0019,4,113.33,453.32
OI000558_1,ORD000558,P0098,2,133.13,266.26
OI000558_2,ORD000558,P0008,3,36.13,108.39
OI000559_1,ORD000559,P0080,4,46.24,184.96
OI000559_2,ORD000559,P0051,4,111.2,444.8
OI000559_3,ORD000559,P0060,4,72.63,290.52
OI000559_4,ORD000559,P0087,1,83.61,83.61
OI000560_1,ORD000560,P0004,3,176.41,529.23
OI000561_1,ORD000561,P0061,3,22.39,67.17
OI000561_2,ORD000561,P0023,4,149.87,599.48
OI000561_3,ORD000561,P0038,3,17.33,51.99
OI000561_4,ORD000561,P0073,1,184.72,184.72
OI000562_1,ORD000562,P0011,3,19.61,58.83
OI000562_2,ORD000562,P0004,1,176.41,176.41
OI000562_3,ORD000562,P0065,4,179.4,717.6
OI000563_1,ORD000563,P0090,4,155.64,622.56
OI000563_2,ORD000563,P0087,4,83.61,334.44
OI000564_1,ORD000564,P0011,2,19.61,39.22
OI000565_1,ORD000565,P0064,4,153.17,612.68
OI000565_2,ORD000565,P0048,2,51.56,103.12
OI000565_3,ORD000565,P0030,2,34.08,68.16
OI000566_1,ORD000566,P0084,1,105.27,105.27
OI000566_2,ORD000566,P0004,2,176.41,352.82
OI000566_3,ORD000566,P0057,3,113.45,340.35
OI000566_4,ORD000566,P0067,3,7.73,23.19
OI000567_1,ORD000567,P0006,2,138.79,277.58
OI000567_2,ORD000567,P0030,3,34.08,102.24
OI000568_1,ORD000568,P0036,4,21.34,85.36
OI000568_2,ORD000568,P0010,1,32.29,32.29
OI000569_1,ORD000569,P0057,2,113.45,226.9
OI000570_1,ORD000570,P0018,3,150.9,452.7
OI000570_2,ORD000570,P0040,4,27.38,109.52
OI000570_3,ORD000570,P0034,4,118.58,474.32
OI000570_4,ORD000570,P0081,1,59.0,59.0
OI000571_1,ORD000571,P0009,4,47.47,189.88
OI000571_2,ORD000571,P0030,1,34.08,34.08
OI000572_1,ORD000572,P0084,4,105.27,421.08
OI000572_2,ORD000572,P0099,3,138.6,415.8
OI000572_3,ORD000572,P0069,2,106.21,212.42
OI000573_1,ORD000573,P0010,4,32.29,129.16
OI000574_1,ORD000574,P0014,3,12.88,38.64
OI000574_2,ORD000574,P0100,3,54.24,162.72
OI000575_1,ORD000575,P0080,3,46.24,138.72
OI000575_2,ORD000575,P0043,3,68.42,205.26
OI000575_3,ORD000575,P0012,4,117.8,471.2
OI000576_1,ORD000576,P0080,2,46.24,92.48
OI000576_2,ORD000576,P0018,3,150.9,452.7
OI000577_1,ORD000577,P0053,4,129.22,516.88
OI000577_2,ORD000577,P0072,2,24.01,48.02
OI000577_3,ORD000577,P0098,2,133.13,266.26
OI000578_1,ORD000578,P0071,2,34.61,69.22
OI000578_2,ORD000578,P0045,4,57.8,231.2
OI000579_1,ORD000579,P0024,2,21.59,43.18
OI000580_1,ORD000580,P0037,2,102.41,204.82
OI000580_2,ORD000580,P0008,2,36.13,72.26
OI000580_3,ORD000580,P0060,4,72.63,290.52
OI000581_1,ORD000581,P0094,2,188.21,376.42
OI000581_2,ORD000581,P0031,1,41.42,41.42
OI000581_3,ORD000581,P0042,2,31.1,62.2
OI000581_4,ORD000581,P0014,1,12.88,12.88
OI000582_1,ORD000582,P0058,4,17.55,70.2
OI000583_1,ORD000583,P0001,1,144.87,144.87
OI000583_2,ORD000583,P0015,1,112.2,112.2
OI000584_1,ORD000584,P0004,4,176.41,705.64
OI000584_2,ORD000584,P0100,1,54.24,54.24
OI000585_1,ORD000585,P0017,1,61.56,61.56
OI000585_2,ORD000585,P0090,1,155.64,155.64
OI000585_3,ORD000585,P0007,1,71.49,71.49
OI000586_1,ORD000586,P0030,4,34.08,136.32
OI000587_1,ORD000587,P0042,3,31.1,93.3
OI000587_2,ORD000587,P0033,2,81.28,162.56
OI000587_3,ORD000587,P0058,2,17.55,35.1
OI000588_1,ORD000588,P0009,1,47.47,47.47
OI000588_2,ORD000588,P0017,3,61.56,184.68
OI000588_3,ORD000588,P0015,2,112.2,224.4
OI000588_4,ORD000588,P0023,2,149.87,299.74
OI000589_1,ORD000589,P0085,2,78.24,156.48
OI000590_1,ORD000590,P0067,4,7.73,30.92
OI000590_2,ORD000590,P0089,1,32.38,32.38
OI000590_3,ORD000590,P0088,2,149.11,298.22
OI000590_4,ORD000590,P0048,3,51.56,154.68
OI000591_1,ORD000591,P0026,1,40.63,40.63
OI000592_1,ORD000592,P0080,3,46.24,138.72
OI000592_2,ORD000592,P0032,2,96.44,192.88
OI000593_1,ORD000593,P0076,3,113.02,339.06
OI000593_2,ORD000593,P0064,3,153.17,459.51
OI000594_1,ORD000594,P0014,3,12.88,38.64
OI000594_2,ORD000594,P0092,3,133.23,399.69
OI000594_3,ORD000594,P0043,1,68.42,68.42
OI000594_4,ORD000594,P0020,1,173.97,173.97
OI000595_1,ORD000595,P0067,3,7.73,23.19
OI000595_2,ORD000595,P0031,4,41.42,165.68
OI000596_1,ORD000596,P0066,4,174.67,698.68
OI000597_1,ORD000597,P0062,4,112.08,448.32
OI000598_1,ORD000598,P0049,1,188.99,188.99
OI000598_2,ORD000598,P0019,2,113.33,226.66
OI000599_1,ORD000599,P0085,3,78.24,234.72
OI000600_1,ORD000600,P0096,1,69.19,69.19
OI000600_2,ORD000600,P0036,2,21.34,42.68
OI000600_3,ORD000600,P0065,4,179.4,717.6
OI000600_4,ORD000600,P0053,2,129.22,258.44
OI000601_1,ORD000601,P0068,2,99.69,199.38
OI000601_2,ORD000601,P0046,2,92.22,184.44
OI000602_1,ORD000602,P0002,2,29.1,58.2
OI000603_1,ORD000603,P0082,4,44.76,179.04
OI000603_2,ORD000603,P0067,4,7.73,30.92
OI000603_3,ORD000603,P0045,2,57.8,115.6
OI000603_4,ORD000603,P0021,1,131.47,131.47
OI000604_1,ORD000604,P0060,2,72.63,145.26
OI000604_2,ORD000604,P0064,1,153.17,153.17
OI000605_1,ORD000605,P0099,3,138.6,415.8
OI000605_2,ORD000605,P0039,1,142.99,142.99
OI000606_1,ORD000606,P0073,1,184.72,184.72
OI000607_1,ORD000607,P0096,3,69.19,207.57
OI000607_2,ORD000607,P0021,2,131.47,262.94
OI000607_3,ORD000607,P0043,2,68.42,136.84
OI000608_1,ORD000608,P0061,3,22.39,67.17
OI000609_1,ORD000609,P0062,2,112.08,224.16
OI000609_2,ORD000609,P0042,1,31.1,31.1
OI000610_1,ORD000610,P0090,1,155.64,155.64
OI000610_2,ORD000610,P0038,2,17.33,34.66
OI000610_3,ORD000610,P0036,1,21.34,21.34
OI000611_1,ORD000611,P0023,4,149.87,599.48
OI000612_1,ORD000612,P0069,4,106.21,424.84
OI000612_2,ORD000612,P0019,1,113.33,113.33
OI000612_3,ORD000612,P0067,4,7.73,30.92
OI000613_1,ORD000613,P0025,4,111.24,444.96
OI000613_2,ORD000613,P0068,2,99.69,199.38
OI000613_3,ORD000613,P0010,2,32.29,64.58
OI000614_1,ORD000614,P0062,4,112.08,448.32
OI000615_1,ORD000615,P0039,2,142.99,285.98
OI000615_2,ORD000615,P0070,2,69.32,138.64
OI000616_1,ORD000616,P0013,3,71.44,214.32
OI000616_2,ORD000616,P0020,3,173.97,521.91
OI000617_1,ORD000617,P0083,3,25.24,75.72
OI000618_1,ORD000618,P0009,2,47.47,94.94
OI000618_2,ORD000618,P0061,2,22.39,44.78
OI000619_1,ORD000619,P0099,4,138.6,554.4
OI000620_1,ORD000620,P0062,2,112.08,224.16
OI000620_2,ORD000620,P0061,2,22.39,44.78
OI000621_1,ORD000621,P0092,4,133.23,532.92
OI000621_2,ORD000621,P0073,1,184.72,184.72
OI000621_3,ORD000621,P0077,1,90.68,90.68
OI000622_1,ORD000622,P0003,1,60.72,60.72
OI000622_2,ORD000622,P0022,2,70.65,141.3
OI000622_3,ORD000622,P0075,4,127.46,509.84
OI000622_4,ORD000622,P0072,1,24.01,24.01
OI000623_1,ORD000623,P0082,2,44.76,89.52
OI000623_2,ORD000623,P0023,2,149.87,299.74
OI000623_3,ORD000623,P0066,1,174.67,174.67
OI000623_4,ORD000623,P0075,3,127.46,382.38
OI000624_1,ORD000624,P0082,4,44.76,179.04
OI000624_2,ORD000624,P0096,1,69.19,69.19
OI000624_3,ORD000624,P0070,1,69.32,69.32
OI000625_1,ORD000625,P0095,1,41.13,41.13
OI000625_2,ORD000625,P0008,2,36.13,72.26
OI000626_1,ORD000626,P0075,4,127.46,509.84
OI000626_2,ORD000626,P0067,3,7.73,23.19
OI000627_1,ORD000627,P0067,4,7.73,30.92
OI000627_2,ORD000627,P0097,4,156.58,626.32
OI000627_3,ORD000627,P0053,1,129.22,129.22
OI000628_1,ORD000628,P0028,4,104.91,419.64
OI000628_2,ORD000628,P0021,2,131.47,262.94
OI000628_3,ORD000628,P0024,1,21.59,21.59
OI000628_4,ORD000628,P0059,2,37.27,74.54
OI000629_1,ORD000629,P0026,1,40.63,40.63
OI000629_2,ORD000629,P0065,3,179.4,538.2
OI000629_3,ORD000629,P0007,3,71.49,214.47
OI000629_4,ORD000629,P0037,1,102.41,102.41
OI000630_1,ORD000630,P0026,3,40.63,121.89
OI000630_2,ORD000630,P0097,3,156.58,469.74
OI000630_3,ORD000630,P0024,4,21.59,86.36
OI000631_1,ORD000631,P0010,3,32.29,96.87
OI000632_1,ORD000632,P0033,2,81.28,162.56
OI000632_2,ORD000632,P0077,1,90.68,90.68
OI000633_1,ORD000633,P0009,2,47.47,94.94
OI000634_1,ORD000634,P0039,4,142.99,571.96
OI000634_2,ORD000634,P0059,3,37.27,111.81
OI000634_3,ORD000634,P0063,4,168.76,675.04
OI000634_4,ORD000634,P0073,4,184.72,738.88
OI000635_1,ORD000635,P0002,2,29.1,58.2
OI000635_2,ORD000635,P0067,4,7.73,30.92
OI000635_3,ORD000635,P0054,4,94.23,376.92
OI000636_1,ORD000636,P0082,1,44.76,44.76
OI000636_2,ORD000636,P0014,2,12.88,25.76
OI000636_3,ORD000636,P0084,2,105.27,210.54
OI000637_1,ORD000637,P0045,2,57.8,115.6
OI000637_2,ORD000637,P0067,2,7.73,15.46
OI000637_3,ORD000637,P0018,2,150.9,301.8
OI000637_4,ORD000637,P0015,3,112.2,336.6
OI000638_1,ORD000638,P0041,3,31.15,93.45
OI000638_2,ORD000638,P0086,4,31.04,124.16
OI000638_3,ORD000638,P0038,2,17.33,34.66
OI000638_4,ORD000638,P0076,3,113.02,339.06
OI000639_1,ORD000639,P0070,3,69.32,207.96
OI000639_2,ORD000639,P0038,4,17.33,69.32
OI000639_3,ORD000639,P0080,4,46.24,184.96
OI000639_4,ORD000639,P0096,3,69.19,207.57
OI000640_1,ORD000640,P0068,1,99.69,99.69
OI000641_1,ORD000641,P0031,2,41.42,82.84
OI000641_2,ORD000641,P0033,3,81.28,243.84
OI000642_1,ORD000642,P0041,2,31.15,62.3
OI000642_2,ORD000642,P0099,4,138.6,554.4
OI000643_1,ORD000643,P0018,2,150.9,301.8
OI000644_1,ORD000644,P0063,3,168.76,506.28
OI000644_2,ORD000644,P0086,4,31.04,124.16
OI000644_3,ORD000644,P0021,1,131.47,131.47
OI000645_1,ORD000645,P0084,2,105.27,210.54
OI000645_2,ORD000645,P0014,3,12.88,38.64
OI000645_3,ORD000645,P0030,2,34.08,68.16
OI000646_1,ORD000646,P0018,1,150.9,150.9
OI000646_2,ORD000646,P0051,1,111.2,111.2
OI000646_3,ORD000646,P0034,4,118.58,474.32
OI000646_4,ORD000646,P0100,3,54.24,162.72
OI000647_1,ORD000647,P0057,4,113.45,453.8
OI000647_2,ORD000647,P0030,4,34.08,136.32
OI000647_3,ORD000647,P0094,2,188.21,376.42
OI000648_1,ORD000648,P0014,3,12.88,38.64
OI000649_1,ORD000649,P0039,4,142.99,571.96
OI000650_1,ORD000650,P0023,2,149.87,299.74
OI000650_2,ORD000650,P0029,4,152.06,608.24
OI000650_3,ORD000650,P0083,1,25.24,25.24
OI000651_1,ORD000651,P0089,3,32.38,97.14
OI000651_2,ORD000651,P0086,2,31.04,62.08
OI000652_1,ORD000652,P0056,2,66.57,133.14
OI000652_2,ORD000652,P0074,2,97.13,194.26
OI000652_3,ORD000652,P0037,3,102.41,307.23
OI000652_4,ORD000652,P0038,2,17.33,34.66
OI000653_1,ORD000653,P0010,3,32.29,96.87
OI000653_2,ORD000653,P0013,2,71.44,142.88
OI000654_1,ORD000654,P0097,4,156.58,626.32
OI000655_1,ORD000655,P0057,1,113.45,113.45
OI000655_2,ORD000655,P0052,1,86.55,86.55
OI000656_1,ORD000656,P0080,4,46.24,184.96
OI000657_1,ORD000657,P0015,2,112.2,224.4
OI000657_2,ORD000657,P0065,2,179.4,358.8
OI000657_3,ORD000657,P0009,1,47.47,47.47
OI000658_1,ORD000658,P0047,2,191.09,382.18
OI000658_2,ORD000658,P0030,1,34.08,34.08
OI000658_3,ORD000658,P0013,4,71.44,285.76
OI000659_1,ORD000659,P0021,4,131.47,525.88
OI000660_1,ORD000660,P0094,1,188.21,188.21
OI000661_1,ORD000661,P0065,4,179.4,717.6
OI000661_2,ORD000661,P0058,4,17.55,70.2
OI000662_1,ORD000662,P0097,3,156.58,469.74
OI000662_2,ORD000662,P0050,1,79.22,79.22
OI000663_1,ORD000663,P0013,3,71.44,214.32
OI000663_2,ORD000663,P0024,4,21.59,86.36
OI000663_3,ORD000663,P0047,1,191.09,191.09
OI000663_4,ORD000663,P0046,4,92.22,368.88
OI000664_1,ORD000664,P0009,1,47.47,47.47
OI000664_2,ORD000664,P0054,2,94.23,188.46
OI000664_3,ORD000664,P0041,2,31.15,62.3
OI000665_1,ORD000665,P0085,3,78.24,234.72
OI000665_2,ORD000665,P0007,4,71.49,285.96
OI000665_3,ORD000665,P0018,1,150.9,150.9
OI000665_4,ORD000665,P0083,4,25.24,100.96
OI000666_1,ORD000666,P0028,4,104.91,419.64
OI000666_2,ORD000666,P0054,1,94.23,94.23
OI000666_3,ORD000666,P0006,2,138.79,277.58
OI000667_1,ORD000667,P0004,4,176.41,705.64
OI000668_1,ORD000668,P0076,1,113.02,113.02
OI000668_2,ORD000668,P0081,1,59.0,59.0
OI000668_3,ORD000668,P0047,4,191.09,764.36
OI000669_1,ORD000669,P0031,4,41.42,165.68
OI000670_1,ORD000670,P0038,2,17.33,34.66
OI000670_2,ORD000670,P0089,2,32.38,64.76
OI000670_3,ORD000670,P0049,3,188.99,566.97
OI000671_1,ORD000671,P0057,2,113.45,226.9
OI000671_2,ORD000671,P0049,3,188.99,566.97
OI000672_1,ORD000672,P0009,3,47.47,142.41
OI000672_2,ORD000672,P0099,2,138.6,277.2
OI000673_1,ORD000673,P0075,4,127.46,509.84
OI000673_2,ORD000673,P0099,1,138.6,138.6
OI000673_3,ORD000673,P0008,3,36.13,108.39
OI000673_4,ORD000673,P0067,2,7.73,15.46
OI000674_1,ORD000674,P0022,3,70.65,211.95
OI000675_1,ORD000675,P0012,1,117.8,117.8
OI000675_2,ORD000675,P0087,4,83.61,334.44
OI000675_3,ORD000675,P0100,3,54.24,162.72
OI000675_4,ORD000675,P0047,4,191.09,764.36
OI000676_1,ORD000676,P0079,3,139.87,419.61
OI000676_2,ORD000676,P0100,4,54.24,216.96
OI000676_3,ORD000676,P0064,4,153.17,612.68
OI000676_4,ORD000676,P0053,4,129.22,516.88
OI000677_1,ORD000677,P0059,1,37.27,37.27
OI000677_2,ORD000677,P0065,4,179.4,717.6
OI000678_1,ORD000678,P0016,4,161.33,645.32
OI000678_2,ORD000678,P0095,4,41.13,164.52
OI000678_3,ORD000678,P0047,3,191.09,573.27
OI000679_1,ORD000679,P0087,2,83.61,167.22
OI000680_1,ORD000680,P0048,1,51.56,51.56
OI000680_2,ORD000680,P0060,4,72.63,290.52
OI000680_3,ORD000680,P0055,1,61.33,61.33
OI000681_1,ORD000681,P0062,1,112.08,112.08
OI000681_2,ORD000681,P0060,1,72.63,72.63
OI000681_3,ORD000681,P0059,2,37.27,74.54
OI000681_4,ORD000681,P0020,4,173.97,695.88
OI000682_1,ORD000682,P0028,4,104.91,419.64
OI000682_2,ORD000682,P0026,2,40.63,81.26
OI000683_1,ORD000683,P0080,2,46.24,92.48
OI000684_1,ORD000684,P0099,1,138.6,138.6
OI000684_2,ORD000684,P0028,1,104.91,104.91
OI000685_1,ORD000685,P0037,2,102.41,204.82
OI000685_2,ORD000685,P0016,1,161.33,161.33
OI000685_3,ORD000685,P0030,4,34.08,136.32
OI000685_4,ORD000685,P0061,4,22.39,89.56
OI000686_1,ORD000686,P0053,1,129.22,129.22
OI000686_2,ORD000686,P0093,1,30.0,30.0
OI000687_1,ORD000687,P0040,1,27.38,27.38
OI000687_2,ORD000687,P0004,2,176.41,352.82
OI000687_3,ORD000687,P0059,2,37.27,74.54
OI000688_1,ORD000688,P0047,4,191.09,764.36
OI000688_2,ORD000688,P0082,2,44.76,89.52
OI000688_3,ORD000688,P0002,2,29.1,58.2
OI000688_4,ORD000688,P0083,1,25.24,25.24
OI000689_1,ORD000689,P0001,2,144.87,289.74
OI000689_2,ORD000689,P0089,4,32.38,129.52
OI000689_3,ORD000689,P0092,4,133.23,532.92
OI000690_1,ORD000690,P0031,3,41.42,124.26
OI000690_2,ORD000690,P0005,4,112.77,451.08
OI000691_1,ORD000691,P0093,3,30.0,90.0
OI000691_2,ORD000691,P0076,4,113.02,452.08
OI000692_1,ORD000692,P0005,1,112.77,112.77
OI000693_1,ORD000693,P0018,2,150.9,301.8
OI000694_1,ORD000694,P0053,4,129.22,516.88
OI000694_2,ORD000694,P0063,2,168.76,337.52
OI000694_3,ORD000694,P0026,2,40.63,81.26
OI000694_4,ORD000694,P0012,4,117.8,471.2
OI000695_1,ORD000695,P0047,1,191.09,191.09
OI000695_2,ORD000695,P0012,1,117.8,117.8
OI000695_3,ORD000695,P0078,2,169.69,339.38
OI000695_4,ORD000695,P0042,2,31.1,62.2
OI000696_1,ORD000696,P0062,1,112.08,112.08
OI000696_2,ORD000696,P0028,1,104.91,104.91
OI000696_3,ORD000696,P0027,4,133.01,532.04
OI000696_4,ORD000696,P0041,2,31.15,62.3
OI000697_1,ORD000697,P0008,3,36.13,108.39
OI000697_2,ORD000697,P0087,4,83.61,334.44
OI000697_3,ORD000697,P0099,4,138.6,554.4
OI000697_4,ORD000697,P0096,4,69.19,276.76
OI000698_1,ORD000698,P0078,4,169.69,678.76
OI000698_2,ORD000698,P0080,4,46.24,184.96
OI000698_3,ORD000698,P0088,1,149.11,149.11
OI000698_4,ORD000698,P0058,3,17.55,52.65
OI000699_1,ORD000699,P0001,2,144.87,289.74
OI000699_2,ORD000699,P0059,4,37.27,149.08
OI000699_3,ORD000699,P0061,3,22.39,67.17
OI000700_1,ORD000700,P0083,4,25.24,100.96
OI000701_1,ORD000701,P0025,3,111.24,333.72
OI000701_2,ORD000701,P0036,4,21.34,85.36
OI000701_3,ORD000701,P0017,3,61.56,184.68
OI000701_4,ORD000701,P0061,4,22.39,89.56
OI000702_1,ORD000702,P0050,1,79.22,79.22
OI000703_1,ORD000703,P0059,4,37.27,149.08
OI000704_1,ORD000704,P0022,1,70.65,70.65
OI000704_2,ORD000704,P0027,1,133.01,133.01
OI000704_3,ORD000704,P0023,2,149.87,299.74
OI000704_4,ORD000704,P0086,1,31.04,31.04
OI000705_1,ORD000705,P0090,4,155.64,622.56
OI000706_1,ORD000706,P0022,1,70.65,70.65
OI000706_2,ORD000706,P0013,4,71.44,285.76
OI000706_3,ORD000706,P0071,1,34.61,34.61
OI000707_1,ORD000707,P0068,4,99.69,398.76
OI000708_1,ORD000708,P0070,1,69.32,69.32
OI000708_2,ORD000708,P0057,3,113.45,340.35
OI000708_3,ORD000708,P0061,2,22.39,44.78
OI000709_1,ORD000709,P0046,3,92.22,276.66
OI000709_2,ORD000709,P0099,4,138.6,554.4
OI000709_3,ORD000709,P0019,3,113.33,339.99
OI000710_1,ORD000710,P0002,2,29.1,58.2
OI000710_2,ORD000710,P0012,4,117.8,471.2
OI000711_1,ORD000711,P0095,2,41.13,82.26
OI000712_1,ORD000712,P0086,2,31.04,62.08
OI000712_2,ORD000712,P0074,2,97.13,194.26
OI000712_3,ORD000712,P0030,3,34.08,102.24
OI000712_4,ORD000712,P0026,4,40.63,162.52
OI000713_1,ORD000713,P0088,1,149.11,149.11
OI000714_1,ORD000714,P0082,1,44.76,44.76
OI000715_1,ORD000715,P0009,1,47.47,47.47
OI000715_2,ORD000715,P0096,3,69.19,207.57
OI000715_3,ORD000715,P0048,3,51.56,154.68
OI000716_1,ORD000716,P0049,3,188.99,566.97
OI000716_2,ORD000716,P0033,4,81.28,325.12
OI000717_1,ORD000717,P0070,4,69.32,277.28
OI000718_1,ORD000718,P0055,3,61.33,183.99
OI000718_2,ORD000718,P0071,1,34.61,34.61
OI000718_3,ORD000718,P0038,1,17.33,17.33
OI000718_4,ORD000718,P0020,1,173.97,173.97
OI000719_1,ORD000719,P0073,2,184.72,369.44
OI000719_2,ORD000719,P0001,2,144.87,289.74
OI000719_3,ORD000719,P0045,3,57.8,173.4
OI000720_1,ORD000720,P0095,4,41.13,164.52
OI000721_1,ORD000721,P0002,1,29.1,29.1
OI000721_2,ORD000721,P0042,4,31.1,124.4
OI000721_3,ORD000721,P0080,1,46.24,46.24
OI000721_4,ORD000721,P0011,2,19.61,39.22
OI000722_1,ORD000722,P0040,3,27.38,82.14
OI000723_1,ORD000723,P0023,1,149.87,149.87
OI000724_1,ORD000724,P0062,3,112.08,336.24
OI000724_2,ORD000724,P0065,2,179.4,358.8
OI000725_1,ORD000725,P0051,4,111.2,444.8
OI000726_1,ORD000726,P0061,3,22.39,67.17
OI000726_2,ORD000726,P0019,3,113.33,339.99
OI000726_3,ORD000726,P0014,3,12.88,38.64
OI000727_1,ORD000727,P0026,1,40.63,40.63
OI000727_2,ORD000727,P0088,3,149.11,447.33
OI000727_3,ORD000727,P0083,1,25.24,25.24
OI000728_1,ORD000728,P0053,4,129.22,516.88
OI000728_2,ORD000728,P0094,1,188.21,188.21
OI000729_1,ORD000729,P0020,1,173.97,173.97
OI000729_2,ORD000729,P0052,4,86.55,346.2
OI000729_3,ORD000729,P0074,1,97.13,97.13
OI000729_4,ORD000729,P0039,1,142.99,142.99
OI000730_1,ORD000730,P0100,1,54.24,54.24
OI000731_1,ORD000731,P0023,4,149.87,599.48
OI000731_2,ORD000731,P0017,1,61.56,61.56
OI000732_1,ORD000732,P0013,3,71.44,214.32
OI000733_1,ORD000733,P0012,1,117.8,117.8
OI000734_1,ORD000734,P0028,4,104.91,419.64
OI000734_2,ORD000734,P0057,2,113.45,226.9
OI000734_3,ORD000734,P0051,2,111.2,222.4
OI000734_4,ORD000734,P0035,2,97.37,194.74
OI000735_1,ORD000735,P0098,1,133.13,133.13
OI000735_2,ORD000735,P0093,3,30.0,90.0
OI000736_1,ORD000736,P0067,1,7.73,7.73
OI000737_1,ORD000737,P0099,2,138.6,277.2
OI000738_1,ORD000738,P0056,4,66.57,266.28
OI000738_2,ORD000738,P0020,4,173.97,695.88
OI000738_3,ORD000738,P0039,4,142.99,571.96
OI000738_4,ORD000738,P0006,3,138.79,416.37
OI000739_1,ORD000739,P0058,2,17.55,35.1
OI000739_2,ORD000739,P0043,1,68.42,68.42
OI000739_3,ORD000739,P0026,3,40.63,121.89
OI000740_1,ORD000740,P0086,1,31.04,31.04
OI000740_2,ORD000740,P0049,4,188.99,755.96
OI000740_3,ORD000740,P0035,1,97.37,97.37
OI000741_1,ORD000741,P0083,2,25.24,50.48
OI000741_2,ORD000741,P0077,2,90.68,181.36
OI000742_1,ORD000742,P0011,1,19.61,19.61
OI000742_2,ORD000742,P0081,3,59.0,177.0
OI000743_1,ORD000743,P0070,4,69.32,277.28
OI000743_2,ORD000743,P0094,1,188.21,188.21
OI000744_1,ORD000744,P0091,2,38.31,76.62
OI000744_2,ORD000744,P0051,1,111.2,111.2
OI000745_1,ORD000745,P0095,3,41.13,123.39
OI000746_1,ORD000746,P0049,3,188.99,566.97
OI000747_1,ORD000747,P0040,1,27.38,27.38
OI000747_2,ORD000747,P0091,1,38.31,38.31
OI000747_3,ORD000747,P0088,4,149.11,596.44
OI000747_4,ORD000747,P0062,2,112.08,224.16
OI000748_1,ORD000748,P0064,2,153.17,306.34
OI000749_1,ORD000749,P0040,1,27.38,27.38
OI000749_2,ORD000749,P0014,2,12.88,25.76
OI000749_3,ORD000749,P0021,4,131.47,525.88
OI000749_4,ORD000749,P0096,2,69.19,138.38
OI000750_1,ORD000750,P0023,4,149.87,599.48
OI000750_2,ORD000750,P0059,3,37.27,111.81
OI000750_3,ORD000750,P0022,3,70.65,211.95
OI000751_1,ORD000751,P0001,4,144.87,579.48
OI000751_2,ORD000751,P0008,2,36.13,72.26
OI000752_1,ORD000752,P0031,1,41.42,41.42
OI000752_2,ORD000752,P0007,2,71.49,142.98
OI000752_3,ORD000752,P0040,2,27.38,54.76
OI000753_1,ORD000753,P0003,4,60.72,242.88
OI000754_1,ORD000754,P0049,3,188.99,566.97
OI000754_2,ORD000754,P0040,4,27.38,109.52
OI000754_3,ORD000754,P0074,2,97.13,194.26
OI000755_1,ORD000755,P0004,4,176.41,705.64
OI000755_2,ORD000755,P0011,4,19.61,78.44
OI000755_3,ORD000755,P0057,4,113.45,453.8
OI000755_4,ORD000755,P0089,3,32.38,97.14
OI000756_1,ORD000756,P0094,3,188.21,564.63
OI000756_2,ORD000756,P0020,1,173.97,173.97
OI000756_3,ORD000756,P0091,4,38.31,153.24
OI000757_1,ORD000757,P0004,1,176.41,176.41
OI000757_2,ORD000757,P0044,4,136.57,546.28
OI000757_3,ORD000757,P0018,4,150.9,603.6
OI000758_1,ORD000758,P0096,1,69.19,69.19
OI000758_2,ORD000758,P0004,2,176.41,352.82
OI000758_3,ORD000758,P0099,1,138.6,138.6
OI000758_4,ORD000758,P0058,4,17.55,70.2
OI000759_1,ORD000759,P0089,1,32.38,32.38
OI000760_1,ORD000760,P0073,3,184.72,554.16
OI000760_2,ORD000760,P0065,4,179.4,717.6
OI000761_1,ORD000761,P0033,4,81.28,325.12
OI000761_2,ORD000761,P0091,2,38.31,76.62
OI000761_3,ORD000761,P0047,3,191.09,573.27
OI000762_1,ORD000762,P0017,3,61.56,184.68
OI000762_2,ORD000762,P0045,3,57.8,173.4
OI000762_3,ORD000762,P0026,2,40.63,81.26
OI000763_1,ORD000763,P0083,1,25.24,25.24
OI000763_2,ORD000763,P0007,1,71.49,71.49
OI000764_1,ORD000764,P0004,4,176.41,705.64
OI000765_1,ORD000765,P0043,3,68.42,205.26
OI000765_2,ORD000765,P0094,3,188.21,564.63
OI000765_3,ORD000765,P0088,4,149.11,596.44
OI000765_4,ORD000765,P0045,1,57.8,57.8
OI000766_1,ORD000766,P0047,3,191.09,573.27
OI000766_2,ORD000766,P0075,1,127.46,127.46
OI000767_1,ORD000767,P0073,2,184.72,369.44
OI000767_2,ORD000767,P0086,2,31.04,62.08
OI000768_1,ORD000768,P0087,3,83.61,250.83
OI000768_2,ORD000768,P0048,1,51.56,51.56
OI000769_1,ORD000769,P0020,2,173.97,347.94
OI000770_1,ORD000770,P0045,1,57.8,57.8
OI000770_2,ORD000770,P0073,2,184.72,369.44
OI000771_1,ORD000771,P0015,3,112.2,336.6
OI000771_2,ORD000771,P0088,1,149.11,149.11
OI000771_3,ORD000771,P0069,4,106.21,424.84
OI000772_1,ORD000772,P0003,2,60.72,121.44
OI000772_2,ORD000772,P0054,1,94.23,94.23
OI000772_3,ORD000772,P0087,1,83.61,83.61
OI000773_1,ORD000773,P0003,3,60.72,182.16
OI000773_2,ORD000773,P0026,4,40.63,162.52
OI000774_1,ORD000774,P0072,2,24.01,48.02
OI000774_2,ORD000774,P0090,3,155.64,466.92
OI000774_3,ORD000774,P0034,2,118.58,237.16
OI000775_1,ORD000775,P0011,3,19.61,58.83
OI000776_1,ORD000776,P0059,2,37.27,74.54
OI000776_2,ORD000776,P0074,2,97.13,194.26
OI000777_1,ORD000777,P0013,4,71.44,285.76
OI000778_1,ORD000778,P0056,3,66.57,199.71
OI000779_1,ORD000779,P0079,3,139.87,419.61
OI000779_2,ORD000779,P0004,4,176.41,705.64
OI000779_3,ORD000779,P0048,2,51.56,103.12
OI000779_4,ORD000779,P0013,4,71.44,285.76
OI000780_1,ORD000780,P0092,2,133.23,266.46
OI000780_2,ORD000780,P0033,1,81.28,81.28
OI000780_3,ORD000780,P0085,2,78.24,156.48
OI000780_4,ORD000780,P0006,1,138.79,138.79
OI000781_1,ORD000781,P0039,3,142.99,428.97
OI000781_2,ORD000781,P0083,4,25.24,100.96
OI000781_3,ORD000781,P0006,4,138.79,555.16
OI000782_1,ORD000782,P0007,2,71.49,142.98
OI000782_2,ORD000782,P0023,4,149.87,599.48
OI000782_3,ORD000782,P0059,2,37.27,74.54
OI000782_4,ORD000782,P0053,4,129.22,516.88
OI000783_1,ORD000783,P0057,1,113.45,113.45
OI000784_1,ORD000784,P0058,4,17.55,70.2
OI000784_2,ORD000784,P0060,2,72.63,145.26
OI000784_3,ORD000784,P0006,2,138.79,277.58
OI000785_1,ORD000785,P0052,4,86.55,346.2
OI000785_2,ORD000785,P0034,2,118.58,237.16
OI000785_3,ORD000785,P0089,1,32.38,32.38
OI000786_1,ORD000786,P0040,3,27.38,82.14
OI000786_2,ORD000786,P0021,2,131.47,262.94
OI000787_1,ORD000787,P0057,1,113.45,113.45
OI000787_2,ORD000787,P0048,2,51.56,103.12
OI000788_1,ORD000788,P0093,2,30.0,60.0
OI000788_2,ORD000788,P0100,1,54.24,54.24
OI000788_3,ORD000788,P0079,3,139.87,419.61
OI000788_4,ORD000788,P0006,2,138.79,277.58
OI000789_1,ORD000789,P0094,1,188.21,188.21
OI000790_1,ORD000790,P0073,2,184.72,369.44
OI000790_2,ORD000790,P0081,2,59.0,118.0
OI000790_3,ORD000790,P0003,3,60.72,182.16
OI000791_1,ORD000791,P0066,2,174.67,349.34
OI000791_2,ORD000791,P0083,1,25.24,25.24
OI000792_1,ORD000792,P0002,1,29.1,29.1
OI000792_2,ORD000792,P0005,3,112.77,338.31
OI000792_3,ORD000792,P0062,2,112.08,224.16
OI000793_1,ORD000793,P0049,4,188.99,755.96
OI000794_1,ORD000794,P0046,3,92.22,276.66
OI000794_2,ORD000794,P0038,4,17.33,69.32
OI000794_3,ORD000794,P0014,2,12.88,25.76
OI000794_4,ORD000794,P0018,3,150.9,452.7
OI000795_1,ORD000795,P0088,4,149.11,596.44
OI000796_1,ORD000796,P0002,1,29.1,29.1
OI000796_2,ORD000796,P0042,4,31.1,124.4
OI000796_3,ORD000796,P0052,2,86.55,173.1
OI000796_4,ORD000796,P0061,3,22.39,67.17
OI000797_1,ORD000797,P0082,1,44.76,44.76
OI000797_2,ORD000797,P0085,2,78.24,156.48
OI000797_3,ORD000797,P0004,1,176.41,176.41
OI000798_1,ORD000798,P0085,2,78.24,156.48
OI000799_1,ORD000799,P0085,1,78.24,78.24
OI000799_2,ORD000799,P0091,4,38.31,153.24
OI000799_3,ORD000799,P0062,4,112.08,448.32
OI000800_1,ORD000800,P0068,1,99.69,99.69
OI000800_2,ORD000800,P0049,1,188.99,188.99
OI000800_3,ORD000800,P0008,1,36.13,36.13
OI000801_1,ORD000801,P0071,3,34.61,103.83
OI000801_2,ORD000801,P0078,3,169.69,509.07
OI000802_1,ORD000802,P0028,2,104.91,209.82
OI000803_1,ORD000803,P0033,2,81.28,162.56
OI000803_2,ORD000803,P0013,3,71.44,214.32
OI000803_3,ORD000803,P0047,3,191.09,573.27
OI000803_4,ORD000803,P0089,2,32.38,64.76
OI000804_1,ORD000804,P0060,3,72.63,217.89
OI000804_2,ORD000804,P0065,1,179.4,179.4
OI000804_3,ORD000804,P0070,1,69.32,69.32
OI000805_1,ORD000805,P0044,4,136.57,546.28
OI000806_1,ORD000806,P0036,4,21.34,85.36
OI000806_2,ORD000806,P0080,1,46.24,46.24
OI000807_1,ORD000807,P0047,4,191.09,764.36
OI000808_1,ORD000808,P0010,2,32.29,64.58
OI000808_2,ORD000808,P0091,4,38.31,153.24
OI000808_3,ORD000808,P0070,4,69.32,277.28
OI000809_1,ORD000809,P0039,2,142.99,285.98
OI000809_2,ORD000809,P0024,3,21.59,64.77
OI000810_1,ORD000810,P0003,3,60.72,182.16
OI000810_2,ORD000810,P0020,3,173.97,521.91
OI000810_3,ORD000810,P0085,3,78.24,234.72
OI000811_1,ORD000811,P0017,3,61.56,184.68
OI000812_1,ORD000812,P0090,3,155.64,466.92
OI000812_2,ORD000812,P0068,2,99.69,199.38
OI000812_3,ORD000812,P0072,4,24.01,96.04
OI000812_4,ORD000812,P0093,2,30.0,60.0
OI000813_1,ORD000813,P0083,4,25.24,100.96
OI000813_2,ORD000813,P0032,4,96.44,385.76
OI000813_3,ORD000813,P0072,3,24.01,72.03
OI000814_1,ORD000814,P0084,4,105.27,421.08
OI000815_1,ORD000815,P0015,3,112.2,336.6
OI000815_2,ORD000815,P0079,2,139.87,279.74
OI000815_3,ORD000815,P0062,4,112.08,448.32
OI000816_1,ORD000816,P0086,2,31.04,62.08
OI000817_1,ORD000817,P0068,3,99.69,299.07
OI000817_2,ORD000817,P0059,4,37.27,149.08
OI000818_1,ORD000818,P0034,1,118.58,118.58
OI000818_2,ORD000818,P0099,3,138.6,415.8
OI000819_1,ORD000819,P0082,4,44.76,179.04
OI000819_2,ORD000819,P0094,3,188.21,564.63
OI000819_3,ORD000819,P0015,2,112.2,224.4
OI000819_4,ORD000819,P0052,3,86.55,259.65
OI000820_1,ORD000820,P0095,2,41.13,82.26
OI000820_2,ORD000820,P0077,2,90.68,181.36
OI000820_3,ORD000820,P0049,1,188.99,188.99
OI000820_4,ORD000820,P0052,3,86.55,259.65
OI000821_1,ORD000821,P0013,4,71.44,285.76
OI000822_1,ORD000822,P0032,3,96.44,289.32
OI000822_2,ORD000822,P0097,4,156.58,626.32
OI000822_3,ORD000822,P0060,2,72.63,145.26
OI000823_1,ORD000823,P0096,2,69.19,138.38
OI000823_2,ORD000823,P0043,2,68.42,136.84
OI000823_3,ORD000823,P0027,2,133.01,266.02
OI000823_4,ORD000823,P0048,2,51.56,103.12
OI000824_1,ORD000824,P0095,1,41.13,41.13
OI000824_2,ORD000824,P0006,3,138.79,416.37
OI000824_3,ORD000824,P0058,4,17.55,70.2
OI000825_1,ORD000825,P0094,4,188.21,752.84
OI000825_2,ORD000825,P0071,2,34.61,69.22
OI000825_3,ORD000825,P0027,1,133.01,133.01
OI000825_4,ORD000825,P0032,2,96.44,192.88
OI000826_1,ORD000826,P0064,1,153.17,153.17
OI000826_2,ORD000826,P0054,4,94.23,376.92
OI000826_3,ORD000826,P0011,2,19.61,39.22
OI000827_1,ORD000827,P0075,1,127.46,127.46
OI000827_2,ORD000827,P0067,2,7.73,15.46
OI000827_3,ORD000827,P0046,4,92.22,368.88
OI000828_1,ORD000828,P0014,1,12.88,12.88
OI000828_2,ORD000828,P0099,2,138.6,277.2
OI000829_1,ORD000829,P0042,1,31.1,31.1
OI000829_2,ORD000829,P0052,4,86.55,346.2
OI000829_3,ORD000829,P0030,3,34.08,102.24
OI000829_4,ORD000829,P0014,2,12.88,25.76
OI000830_1,ORD000830,P0081,1,59.0,59.0
OI000831_1,ORD000831,P0081,2,59.0,118.0
OI000831_2,ORD000831,P0052,3,86.55,259.65
OI000831_3,ORD000831,P0034,4,118.58,474.32
OI000832_1,ORD000832,P0055,4,61.33,245.32
OI000833_1,ORD000833,P0082,1,44.76,44.76
OI000833_2,ORD000833,P0042,4,31.1,124.4
OI000833_3,ORD000833,P0081,3,59.0,177.0
OI000833_4,ORD000833,P0012,4,117.8,471.2
OI000834_1,ORD000834,P0001,2,144.87,289.74
OI000834_2,ORD000834,P0095,1,41.13,41.13
OI000834_3,ORD000834,P0080,4,46.24,184.96
OI000834_4,ORD000834,P0011,1,19.61,19.61
OI000835_1,ORD000835,P0070,3,69.32,207.96
OI000835_2,ORD000835,P0002,3,29.1,87.3
OI000835_3,ORD000835,P0088,1,149.11,149.11
OI000835_4,ORD000835,P0099,2,138.6,277.2
OI000836_1,ORD000836,P0089,1,32.38,32.38
OI000837_1,ORD000837,P0063,4,168.76,675.04
OI000837_2,ORD000837,P0087,1,83.61,83.61
OI000837_3,ORD000837,P0082,1,44.76,44.76
OI000838_1,ORD000838,P0035,2,97.37,194.74
OI000838_2,ORD000838,P0054,2,94.23,188.46
OI000838_3,ORD000838,P0048,1,51.56,51.56
OI000839_1,ORD000839,P0079,2,139.87,279.74
OI000839_2,ORD000839,P0013,2,71.44,142.88
OI000840_1,ORD000840,P0011,2,19.61,39.22
OI000840_2,ORD000840,P0013,2,71.44,142.88
OI000840_3,ORD000840,P0029,2,152.06,304.12
OI000840_4,ORD000840,P0089,3,32.38,97.14
OI000841_1,ORD000841,P0057,3,113.45,340.35
OI000841_2,ORD000841,P0059,2,37.27,74.54
OI000841_3,ORD000841,P0065,4,179.4,717.6
OI000841_4,ORD000841,P0001,2,144.87,289.74
OI000842_1,ORD000842,P0069,1,106.21,106.21
OI000842_2,ORD000842,P0061,2,22.39,44.78
OI000842_3,ORD000842,P0096,3,69.19,207.57
OI000842_4,ORD000842,P0076,4,113.02,452.08
OI000843_1,ORD000843,P0037,4,102.41,409.64
OI000843_2,ORD000843,P0076,1,113.02,113.02
OI000843_3,ORD000843,P0011,3,19.61,58.83
OI000844_1,ORD000844,P0033,2,81.28,162.56
OI000845_1,ORD000845,P0093,3,30.0,90.0
OI000845_2,ORD000845,P0097,4,156.58,626.32
OI000846_1,ORD000846,P0009,4,47.47,189.88
OI000847_1,ORD000847,P0075,3,127.46,382.38
OI000848_1,ORD000848,P0074,3,97.13,291.39
OI000848_2,ORD000848,P0029,3,152.06,456.18
OI000849_1,ORD000849,P0081,1,59.0,59.0
OI000849_2,ORD000849,P0097,2,156.58,313.16
OI000850_1,ORD000850,P0060,3,72.63,217.89
OI000851_1,ORD000851,P0051,1,111.2,111.2
OI000851_2,ORD000851,P0002,3,29.1,87.3
OI000852_1,ORD000852,P0066,2,174.67,349.34
OI000853_1,ORD000853,P0037,2,102.41,204.82
OI000853_2,ORD000853,P0010,3,32.29,96.87
OI000853_3,ORD000853,P0050,1,79.22,79.22
OI000854_1,ORD000854,P0043,4,68.42,273.68
OI000854_2,ORD000854,P0033,1,81.28,81.28
OI000855_1,ORD000855,P0002,1,29.1,29.1
OI000855_2,ORD000855,P0046,1,92.22,92.22
OI000855_3,ORD000855,P0091,4,38.31,153.24
OI000856_1,ORD000856,P0067,4,7.73,30.92
OI000856_2,ORD000856,P0079,1,139.87,139.87
OI000856_3,ORD000856,P0052,1,86.55,86.55
OI000857_1,ORD000857,P0030,1,34.08,34.08
OI000857_2,ORD000857,P0076,2,113.02,226.04
OI000857_3,ORD000857,P0031,3,41.42,124.26
OI000857_4,ORD000857,P0093,1,30.0,30.0
OI000858_1,ORD000858,P0022,1,70.65,70.65
OI000858_2,ORD000858,P0070,1,69.32,69.32
OI000859_1,ORD000859,P0047,2,191.09,382.18
OI000859_2,ORD000859,P0046,2,92.22,184.44
OI000859_3,ORD000859,P0088,4,149.11,596.44
OI000860_1,ORD000860,P0007,1,71.49,71.49
OI000860_2,ORD000860,P0049,1,188.99,188.99
OI000860_3,ORD000860,P0025,3,111.24,333.72
OI000861_1,ORD000861,P0069,3,106.21,318.63
OI000861_2,ORD000861,P0050,4,79.22,316.88
OI000861_3,ORD000861,P0024,2,21.59,43.18
OI000861_4,ORD000861,P0002,2,29.1,58.2
OI000862_1,ORD000862,P0037,3,102.41,307.23
OI000862_2,ORD000862,P0095,2,41.13,82.26
OI000862_3,ORD000862,P0072,2,24.01,48.02
OI000863_1,ORD000863,P0023,1,149.87,149.87
OI000863_2,ORD000863,P0030,1,34.08,34.08
OI000864_1,ORD000864,P0049,4,188.99,755.96
OI000865_1,ORD000865,P0005,1,112.77,112.77
OI000865_2,ORD000865,P0083,1,25.24,25.24
OI000866_1,ORD000866,P0067,4,7.73,30.92
OI000866_2,ORD000866,P0004,4,176.41,705.64
OI000867_1,ORD000867,P0076,2,113.02,226.04
OI000867_2,ORD000867,P0068,2,99.69,199.38
OI000867_3,ORD000867,P0016,2,161.33,322.66
OI000868_1,ORD000868,P0036,4,21.34,85.36
OI000868_2,ORD000868,P0039,2,142.99,285.98
OI000868_3,ORD000868,P0022,4,70.65,282.6
OI000868_4,ORD000868,P0043,4,68.42,273.68
OI000869_1,ORD000869,P0099,4,138.6,554.4
OI000869_2,ORD000869,P0030,1,34.08,34.08
OI000869_3,ORD000869,P0066,2,174.67,349.34
OI000869_4,ORD000869,P0020,4,173.97,695.88
OI000870_1,ORD000870,P0077,4,90.68,362.72
OI000870_2,ORD000870,P0071,2,34.61,69.22
OI000871_1,ORD000871,P0011,2,19.61,39.22
OI000871_2,ORD000871,P0081,2,59.0,118.0
OI000871_3,ORD000871,P0042,2,31.1,62.2
OI000871_4,ORD000871,P0005,1,112.77,112.77
OI000872_1,ORD000872,P0081,1,59.0,59.0
OI000872_2,ORD000872,P0066,4,174.67,698.68
OI000873_1,ORD000873,P0025,4,111.24,444.96
OI000873_2,ORD000873,P0056,1,66.57,66.57
OI000874_1,ORD000874,P0081,2,59.0,118.0
OI000874_2,ORD000874,P0071,1,34.61,34.61
OI000874_3,ORD000874,P0054,2,94.23,188.46
OI000875_1,ORD000875,P0015,3,112.2,336.6
OI000876_1,ORD000876,P0005,3,112.77,338.31
OI000876_2,ORD000876,P0001,4,144.87,579.48
OI000876_3,ORD000876,P0049,2,188.99,377.98
OI000876_4,ORD000876,P0082,2,44.76,89.52
OI000877_1,ORD000877,P0025,2,111.24,222.48
OI000877_2,ORD000877,P0039,1,142.99,142.99
OI000877_3,ORD000877,P0100,3,54.24,162.72
OI000878_1,ORD000878,P0042,1,31.1,31.1
OI000878_2,ORD000878,P0036,2,21.34,42.68
OI000878_3,ORD000878,P0074,2,97.13,194.26
OI000878_4,ORD000878,P0017,3,61.56,184.68
OI000879_1,ORD000879,P0010,1,32.29,32.29
OI000879_2,ORD000879,P0036,1,21.34,21.34
OI000880_1,ORD000880,P0028,3,104.91,314.73
OI000880_2,ORD000880,P0006,2,138.79,277.58
OI000880_3,ORD000880,P0094,1,188.21,188.21
OI000880_4,ORD000880,P0078,3,169.69,509.07
OI000881_1,ORD000881,P0020,1,173.97,173.97
OI000881_2,ORD000881,P0042,2,31.1,62.2
OI000881_3,ORD000881,P0016,2,161.33,322.66
OI000882_1,ORD000882,P0037,4,102.41,409.64
OI000882_2,ORD000882,P0003,1,60.72,60.72
OI000882_3,ORD000882,P0090,3,155.64,466.92
OI000882_4,ORD000882,P0022,2,70.65,141.3
OI000883_1,ORD000883,P0053,3,129.22,387.66
OI000883_2,ORD000883,P0013,2,71.44,142.88
OI000883_3,ORD000883,P0036,3,21.34,64.02
OI000883_4,ORD000883,P0040,2,27.38,54.76
OI000884_1,ORD000884,P0053,2,129.22,258.44
OI000884_2,ORD000884,P0039,1,142.99,142.99
OI000884_3,ORD000884,P0100,2,54.24,108.48
OI000884_4,ORD000884,P0058,1,17.55,17.55
OI000885_1,ORD000885,P0074,2,97.13,194.26
OI000885_2,ORD000885,P0047,1,191.09,191.09
OI000886_1,ORD000886,P0095,4,41.13,164.52
OI000886_2,ORD000886,P0086,2,31.04,62.08
OI000887_1,ORD000887,P0048,1,51.56,51.56
OI000888_1,ORD000888,P0033,4,81.28,325.12
OI000888_2,ORD000888,P0006,1,138.79,138.79
OI000889_1,ORD000889,P0083,2,25.24,50.48
OI000889_2,ORD000889,P0076,1,113.02,113.02
OI000889_3,ORD000889,P0028,1,104.91,104.91
OI000889_4,ORD000889,P0036,2,21.34,42.68
OI000890_1,ORD000890,P0077,4,90.68,362.72
OI000890_2,ORD000890,P0097,3,156.58,469.74
OI000890_3,ORD000890,P0004,1,176.41,176.41
OI000891_1,ORD000891,P0016,1,161.33,161.33
OI000891_2,ORD000891,P0018,4,150.9,603.6
OI000892_1,ORD000892,P0065,1,179.4,179.4
OI000892_2,ORD000892,P0035,3,97.37,292.11
OI000893_1,ORD000893,P0044,2,136.57,273.14
OI000894_1,ORD000894,P0067,1,7.73,7.73
OI000894_2,ORD000894,P0066,3,174.67,524.01
OI000894_3,ORD000894,P0031,3,41.42,124.26
OI000895_1,ORD000895,P0067,2,7.73,15.46
OI000895_2,ORD000895,P0059,3,37.27,111.81
OI000896_1,ORD000896,P0098,3,133.13,399.39
OI000896_2,ORD000896,P0096,4,69.19,276.76
OI000897_1,ORD000897,P0006,1,138.79,138.79
OI000897_2,ORD000897,P0073,3,184.72,554.16
OI000897_3,ORD000897,P0086,4,31.04,124.16
OI000897_4,ORD000897,P0033,4,81.28,325.12
OI000898_1,ORD000898,P0046,4,92.22,368.88
OI000899_1,ORD000899,P0072,3,24.01,72.03
OI000899_2,ORD000899,P0045,3,57.8,173.4
OI000899_3,ORD000899,P0014,1,12.88,12.88
OI000900_1,ORD000900,P0054,4,94.23,376.92
OI000901_1,ORD000901,P0054,3,94.23,282.69
OI000901_2,ORD000901,P0065,3,179.4,538.2
OI000901_3,ORD000901,P0083,2,25.24,50.48
OI000902_1,ORD000902,P0057,1,113.45,113.45
OI000902_2,ORD000902,P0062,1,112.08,112.08
OI000902_3,ORD000902,P0054,1,94.23,94.23
OI000902_4,ORD000902,P0040,2,27.38,54.76
OI000903_1,ORD000903,P0054,4,94.23,376.92
OI000903_2,ORD000903,P0036,4,21.34,85.36
OI000903_3,ORD000903,P0068,3,99.69,299.07
OI000903_4,ORD000903,P0041,2,31.15,62.3
OI000904_1,ORD000904,P0003,1,60.72,60.72
OI000904_2,ORD000904,P0084,1,105.27,105.27
OI000904_3,ORD000904,P0091,4,38.31,153.24
OI000905_1,ORD000905,P0035,2,97.37,194.74
OI000905_2,ORD000905,P0057,2,113.45,226.9
OI000905_3,ORD000905,P0010,1,32.29,32.29
OI000905_4,ORD000905,P0027,1,133.01,133.01
OI000906_1,ORD000906,P0048,4,51.56,206.24
OI000906_2,ORD000906,P0100,3,54.24,162.72
OI000907_1,ORD000907,P0024,2,21.59,43.18
OI000907_2,ORD000907,P0019,2,113.33,226.66
OI000908_1,ORD000908,P0087,3,83.61,250.83
OI000908_2,ORD000908,P0028,2,104.91,209.82
OI000908_3,ORD000908,P0082,2,44.76,89.52
OI000909_1,ORD000909,P0063,3,168.76,506.28
OI000909_2,ORD000909,P0001,2,144.87,289.74
OI000910_1,ORD000910,P0042,3,31.1,93.3
OI000910_2,ORD000910,P0001,4,144.87,579.48
OI000911_1,ORD000911,P0047,1,191.09,191.09
OI000912_1,ORD000912,P0031,1,41.42,41.42
OI000912_2,ORD000912,P0086,2,31.04,62.08
OI000912_3,ORD000912,P0055,3,61.33,183.99
OI000913_1,ORD000913,P0072,3,24.01,72.03
OI000913_2,ORD000913,P0073,4,184.72,738.88
OI000913_3,ORD000913,P0071,1,34.61,34.61
OI000913_4,ORD000913,P0048,1,51.56,51.56
OI000914_1,ORD000914,P0089,4,32.38,129.52
OI000914_2,ORD000914,P0065,4,179.4,717.6
OI000914_3,ORD000914,P0084,4,105.27,421.08
OI000915_1,ORD000915,P0037,1,102.41,102.41
OI000915_2,ORD000915,P0050,1,79.22,79.22
OI000916_1,ORD000916,P0100,3,54.24,162.72
OI000917_1,ORD000917,P0041,2,31.15,62.3
OI000918_1,ORD000918,P0028,4,104.91,419.64
OI000918_2,ORD000918,P0047,4,191.09,764.36
OI000919_1,ORD000919,P0052,3,86.55,259.65
OI000919_2,ORD000919,P0013,2,71.44,142.88
OI000919_3,ORD000919,P0082,2,44.76,89.52
OI000919_4,ORD000919,P0005,3,112.77,338.31
OI000920_1,ORD000920,P0031,2,41.42,82.84
OI000920_2,ORD000920,P0064,2,153.17,306.34
OI000920_3,ORD000920,P0011,1,19.61,19.61
OI000920_4,ORD000920,P0089,2,32.38,64.76
OI000921_1,ORD000921,P0045,2,57.8,115.6
OI000922_1,ORD000922,P0083,4,25.24,100.96
OI000922_2,ORD000922,P0065,2,179.4,358.8
OI000923_1,ORD000923,P0079,3,139.87,419.61
OI000923_2,ORD000923,P0076,2,113.02,226.04
OI000923_3,ORD000923,P0001,1,144.87,144.87
OI000923_4,ORD000923,P0039,2,142.99,285.98
OI000924_1,ORD000924,P0021,2,131.47,262.94
OI000924_2,ORD000924,P0051,2,111.2,222.4
OI000924_3,ORD000924,P0056,3,66.57,199.71
OI000924_4,ORD000924,P0020,1,173.97,173.97
OI000925_1,ORD000925,P0021,2,131.47,262.94
OI000926_1,ORD000926,P0083,1,25.24,25.24
OI000926_2,ORD000926,P0046,1,92.22,92.22
OI000926_3,ORD000926,P0037,3,102.41,307.23
OI000926_4,ORD000926,P0082,1,44.76,44.76
OI000927_1,ORD000927,P0045,1,57.8,57.8
OI000927_2,ORD000927,P0032,2,96.44,192.88
OI000927_3,ORD000927,P0017,3,61.56,184.68
OI000927_4,ORD000927,P0086,2,31.04,62.08
OI000928_1,ORD000928,P0059,1,37.27,37.27
OI000929_1,ORD000929,P0077,3,90.68,272.04
OI000930_1,ORD000930,P0066,3,174.67,524.01
OI000931_1,ORD000931,P0078,1,169.69,169.69
OI000931_2,ORD000931,P0056,3,66.57,199.71
OI000931_3,ORD000931,P0049,2,188.99,377.98
OI000931_4,ORD000931,P0028,2,104.91,209.82
OI000932_1,ORD000932,P0040,4,27.38,109.52
OI000933_1,ORD000933,P0099,2,138.6,277.2
OI000934_1,ORD000934,P0066,3,174.67,524.01
OI000934_2,ORD000934,P0048,1,51.56,51.56
OI000934_3,ORD000934,P0039,3,142.99,428.97
OI000935_1,ORD000935,P0088,2,149.11,298.22
OI000936_1,ORD000936,P0035,2,97.37,194.74
OI000937_1,ORD000937,P0092,2,133.23,266.46
OI000937_2,ORD000937,P0045,4,57.8,231.2
OI000937_3,ORD000937,P0089,4,32.38,129.52
OI000938_1,ORD000938,P0078,3,169.69,509.07
OI000938_2,ORD000938,P0021,2,131.47,262.94
OI000939_1,ORD000939,P0017,4,61.56,246.24
OI000939_2,ORD000939,P0002,3,29.1,87.3
OI000939_3,ORD000939,P0060,4,72.63,290.52
OI000939_4,ORD000939,P0032,4,96.44,385.76
OI000940_1,ORD000940,P0016,1,161.33,161.33
OI000941_1,ORD000941,P0052,1,86.55,86.55
OI000942_1,ORD000942,P0065,2,179.4,358.8
OI000942_2,ORD000942,P0051,4,111.2,444.8
OI000943_1,ORD000943,P0086,4,31.04,124.16
OI000944_1,ORD000944,P0080,4,46.24,184.96
OI000945_1,ORD000945,P0015,3,112.2,336.6
OI000946_1,ORD000946,P0022,4,70.65,282.6
OI000946_2,ORD000946,P0074,1,97.13,97.13
OI000946_3,ORD000946,P0014,2,12.88,25.76
OI000947_1,ORD000947,P0100,3,54.24,162.72
OI000947_2,ORD000947,P0089,3,32.38,97.14
OI000947_3,ORD000947,P0003,4,60.72,242.88
OI000948_1,ORD000948,P0007,3,71.49,214.47
OI000948_2,ORD000948,P0055,4,61.33,245.32
OI000948_3,ORD000948,P0023,2,149.87,299.74
OI000948_4,ORD000948,P0033,2,81.28,162.56
OI000949_1,ORD000949,P0027,3,133.01,399.03
OI000950_1,ORD000950,P0099,4,138.6,554.4
OI000950_2,ORD000950,P0091,4,38.31,153.24
OI000950_3,ORD000950,P0075,4,127.46,509.84
OI000950_4,ORD000950,P0033,2,81.28,162.56
OI000951_1,ORD000951,P0044,4,136.57,546.28
OI000951_2,ORD000951,P0003,4,60.72,242.88
OI000951_3,ORD000951,P0032,1,96.44,96.44
OI000951_4,ORD000951,P0066,1,174.67,174.67
OI000952_1,ORD000952,P0091,3,38.31,114.93
OI000953_1,ORD000953,P0027,1,133.01,133.01
OI000953_2,ORD000953,P0045,1,57.8,57.8
OI000954_1,ORD000954,P0097,1,156.58,156.58
OI000954_2,ORD000954,P0072,1,24.01,24.01
OI000954_3,ORD000954,P0003,1,60.72,60.72
OI000955_1,ORD000955,P0018,4,150.9,603.6
OI000956_1,ORD000956,P0071,3,34.61,103.83
OI000957_1,ORD000957,P0093,4,30.0,120.0
OI000958_1,ORD000958,P0057,1,113.45,113.45
OI000958_2,ORD000958,P0038,2,17.33,34.66
OI000959_1,ORD000959,P0029,3,152.06,456.18
OI000959_2,ORD000959,P0047,2,191.09,382.18
OI000959_3,ORD000959,P0007,1,71.49,71.49
OI000960_1,ORD000960,P0055,2,61.33,122.66
OI000960_2,ORD000960,P0032,3,96.44,289.32
OI000960_3,ORD000960,P0052,2,86.55,173.1
OI000960_4,ORD000960,P0010,2,32.29,64.58
OI000961_1,ORD000961,P0015,1,112.2,112.2
OI000961_2,ORD000961,P0069,3,106.21,318.63
OI000961_3,ORD000961,P0037,1,102.41,102.41
OI000962_1,ORD000962,P0015,1,112.2,112.2
OI000962_2,ORD000962,P0095,1,41.13,41.13
OI000962_3,ORD000962,P0094,2,188.21,376.42
OI000962_4,ORD000962,P0027,3,133.01,399.03
OI000963_1,ORD000963,P0090,4,155.64,622.56
OI000963_2,ORD000963,P0073,3,184.72,554.16
OI000963_3,ORD000963,P0026,3,40.63,121.89
OI000963_4,ORD000963,P0083,1,25.24,25.24
OI000964_1,ORD000964,P0027,2,133.01,266.02
OI000964_2,ORD000964,P0030,3,34.08,102.24
OI000965_1,ORD000965,P0048,1,51.56,51.56
OI000966_1,ORD000966,P0032,3,96.44,289.32
OI000966_2,ORD000966,P0009,2,47.47,94.94
OI000966_3,ORD000966,P0081,2,59.0,118.0
OI000966_4,ORD000966,P0100,2,54.24,108.48
OI000967_1,ORD000967,P0014,3,12.88,38.64
OI000967_2,ORD000967,P0057,1,113.45,113.45
OI000968_1,ORD000968,P0073,4,184.72,738.88
OI000969_1,ORD000969,P0047,2,191.09,382.18
OI000969_2,ORD000969,P0080,3,46.24,138.72
OI000969_3,ORD000969,P0054,1,94.23,94.23
OI000969_4,ORD000969,P0055,4,61.33,245.32
OI000970_1,ORD000970,P0093,2,30.0,60.0
OI000971_1,ORD000971,P0016,3,161.33,483.99
OI000971_2,ORD000971,P0002,4,29.1,116.4
OI000972_1,ORD000972,P0091,3,38.31,114.93
OI000972_2,ORD000972,P0028,2,104.91,209.82
OI000972_3,ORD000972,P0077,2,90.68,181.36
OI000973_1,ORD000973,P0077,2,90.68,181.36
OI000973_2,ORD000973,P0038,2,17.33,34.66
OI000973_3,ORD000973,P0088,2,149.11,298.22
OI000974_1,ORD000974,P0030,3,34.08,102.24
OI000974_2,ORD000974,P0012,4,117.8,471.2
OI000974_3,ORD000974,P0049,1,188.99,188.99
OI000975_1,ORD000975,P0078,2,169.69,339.38
OI000975_2,ORD000975,P0043,3,68.42,205.26
OI000976_1,ORD000976,P0021,3,131.47,394.41
OI000976_2,ORD000976,P0090,4,155.64,622.56
OI000976_3,ORD000976,P0027,1,133.01,133.01
OI000977_1,ORD000977,P0074,4,97.13,388.52
OI000978_1,ORD000978,P0094,2,188.21,376.42
OI000978_2,ORD000978,P0098,2,133.13,266.26
OI000978_3,ORD000978,P0067,3,7.73,23.19
OI000978_4,ORD000978,P0053,3,129.22,387.66
OI000979_1,ORD000979,P0058,2,17.55,35.1
OI000979_2,ORD000979,P0021,2,131.47,262.94
OI000979_3,ORD000979,P0071,2,34.61,69.22
OI000980_1,ORD000980,P0100,3,54.24,162.72
OI000980_2,ORD000980,P0034,3,118.58,355.74
OI000980_3,ORD000980,P0095,3,41.13,123.39
OI000981_1,ORD000981,P0072,1,24.01,24.01
OI000981_2,ORD000981,P0032,1,96.44,96.44
OI000981_3,ORD000981,P0045,4,57.8,231.2
OI000982_1,ORD000982,P0094,2,188.21,376.42
OI000982_2,ORD000982,P0097,4,156.58,626.32
OI000982_3,ORD000982,P0045,4,57.8,231.2
OI000983_1,ORD000983,P0028,3,104.91,314.73
OI000983_2,ORD000983,P0008,4,36.13,144.52
OI000983_3,ORD000983,P0082,4,44.76,179.04
OI000983_4,ORD000983,P0095,4,41.13,164.52
OI000984_1,ORD000984,P0023,4,149.87,599.48
OI000984_2,ORD000984,P0018,4,150.9,603.6
OI000985_1,ORD000985,P0002,3,29.1,87.3
OI000985_2,ORD000985,P0040,4,27.38,109.52
OI000985_3,ORD000985,P0046,3,92.22,276.66
OI000985_4,ORD000985,P0064,4,153.17,612.68
OI000986_1,ORD000986,P0042,3,31.1,93.3
OI000986_2,ORD000986,P0039,4,142.99,571.96
OI000986_3,ORD000986,P0045,3,57.8,173.4
OI000987_1,ORD000987,P0083,4,25.24,100.96
OI000987_2,ORD000987,P0042,4,31.1,124.4
OI000988_1,ORD000988,P0056,2,66.57,133.14
OI000989_1,ORD000989,P0062,3,112.08,336.24
OI000989_2,ORD000989,P0064,2,153.17,306.34
OI000989_3,ORD000989,P0011,2,19.61,39.22
OI000990_1,ORD000990,P0003,1,60.72,60.72
OI000990_2,ORD000990,P0022,2,70.65,141.3
OI000991_1,ORD000991,P0030,2,34.08,68.16
OI000991_2,ORD000991,P0055,1,61.33,61.33
OI000991_3,ORD000991,P0015,3,112.2,336.6
OI000992_1,ORD000992,P0001,3,144.87,434.61
OI000992_2,ORD000992,P0012,1,117.8,117.8
OI000992_3,ORD000992,P0098,4,133.13,532.52
OI000992_4,ORD000992,P0037,2,102.41,204.82
OI000993_1,ORD000993,P0077,1,90.68,90.68
OI000994_1,ORD000994,P0079,4,139.87,559.48
OI000994_2,ORD000994,P0010,3,32.29,96.87
OI000995_1,ORD000995,P0035,3,97.37,292.11
OI000995_2,ORD000995,P0021,4,131.47,525.88
OI000995_3,ORD000995,P0033,4,81.28,325.12
OI000996_1,ORD000996,P0003,2,60.72,121.44
OI000996_2,ORD000996,P0035,2,97.37,194.74
OI000997_1,ORD000997,P0045,1,57.8,57.8
OI000998_1,ORD000998,P0020,2,173.97,347.94
OI000999_1,ORD000999,P0007,2,71.49,142.98
OI000999_2,ORD000999,P0064,3,153.17,459.51
OI000999_3,ORD000999,P0084,1,105.27,105.27
OI000999_4,ORD000999,P0065,1,179.4,179.4
OI001000_1,ORD001000,P0062,1,112.08,112.08
OI001000_2,ORD001000,P0043,4,68.42,273.68
OI001000_3,ORD001000,P0067,2,7.73,15.46
OI001000_4,ORD001000,P0034,3,118.58,355.74
OI001001_1,ORD001001,P0052,4,86.55,346.2
OI001001_2,ORD001001,P0056,1,66.57,66.57
OI001001_3,ORD001001,P0041,4,31.15,124.6
OI001001_4,ORD001001,P0013,3,71.44,214.32
OI001002_1,ORD001002,P0076,1,113.02,113.02
OI001002_2,ORD001002,P0083,4,25.24,100.96
OI001002_3,ORD001002,P0054,1,94.23,94.23
OI001002_4,ORD001002,P0023,3,149.87,449.61
OI001003_1,ORD001003,P0073,2,184.72,369.44
OI001004_1,ORD001004,P0002,4,29.1,116.4
OI001004_2,ORD001004,P0094,4,188.21,752.84
OI001004_3,ORD001004,P0069,3,106.21,318.63
OI001005_1,ORD001005,P0034,3,118.58,355.74
OI001005_2,ORD001005,P0077,2,90.68,181.36
OI001005_3,ORD001005,P0053,2,129.22,258.44
OI001006_1,ORD001006,P0068,1,99.69,99.69
OI001006_2,ORD001006,P0073,4,184.72,738.88
OI001007_1,ORD001007,P0096,2,69.19,138.38
OI001007_2,ORD001007,P0033,3,81.28,243.84
OI001007_3,ORD001007,P0011,4,19.61,78.44
OI001007_4,ORD001007,P0084,3,105.27,315.81
OI001008_1,ORD001008,P0088,2,149.11,298.22
OI001008_2,ORD001008,P0093,2,30.0,60.0
OI001009_1,ORD001009,P0086,4,31.04,124.16
OI001009_2,ORD001009,P0077,3,90.68,272.04
OI001009_3,ORD001009,P0067,1,7.73,7.73
OI001010_1,ORD001010,P0079,1,139.87,139.87
OI001010_2,ORD001010,P0075,2,127.46,254.92
OI001010_3,ORD001010,P0011,4,19.61,78.44
OI001010_4,ORD001010,P0053,2,129.22,258.44
OI001011_1,ORD001011,P0005,4,112.77,451.08
OI001012_1,ORD001012,P0052,1,86.55,86.55
OI001012_2,ORD001012,P0059,4,37.27,149.08
OI001012_3,ORD001012,P0002,3,29.1,87.3
OI001013_1,ORD001013,P0032,2,96.44,192.88
OI001013_2,ORD001013,P0001,4,144.87,579.48
OI001013_3,ORD001013,P0012,3,117.8,353.4
OI001014_1,ORD001014,P0024,1,21.59,21.59
OI001014_2,ORD001014,P0061,4,22.39,89.56
OI001014_3,ORD001014,P0012,2,117.8,235.6
OI001014_4,ORD001014,P0001,3,144.87,434.61
OI001015_1,ORD001015,P0018,4,150.9,603.6
OI001015_2,ORD001015,P0045,1,57.8,57.8
OI001016_1,ORD001016,P0027,4,133.01,532.04
OI001016_2,ORD001016,P0050,3,79.22,237.66
OI001017_1,ORD001017,P0087,4,83.61,334.44
OI001017_2,ORD001017,P0057,4,113.45,453.8
OI001017_3,ORD001017,P0062,1,112.08,112.08
OI001017_4,ORD001017,P0092,2,133.23,266.46
OI001018_1,ORD001018,P0080,2,46.24,92.48
OI001019_1,ORD001019,P0013,4,71.44,285.76
OI001019_2,ORD001019,P0063,3,168.76,506.28
OI001019_3,ORD001019,P0020,4,173.97,695.88
OI001020_1,ORD001020,P0081,4,59.0,236.0
OI001020_2,ORD001020,P0012,3,117.8,353.4
OI001020_3,ORD001020,P0083,4,25.24,100.96
OI001021_1,ORD001021,P0073,3,184.72,554.16
OI001021_2,ORD001021,P0096,1,69.19,69.19
OI001022_1,ORD001022,P0007,2,71.49,142.98
OI001022_2,ORD001022,P0038,1,17.33,17.33
OI001022_3,ORD001022,P0046,1,92.22,92.22
OI001023_1,ORD001023,P0051,2,111.2,222.4
OI001024_1,ORD001024,P0027,2,133.01,266.02
OI001024_2,ORD001024,P0062,1,112.08,112.08
OI001024_3,ORD001024,P0064,1,153.17,153.17
OI001025_1,ORD001025,P0074,4,97.13,388.52
OI001025_2,ORD001025,P0098,3,133.13,399.39
OI001026_1,ORD001026,P0044,4,136.57,546.28
OI001026_2,ORD001026,P0013,2,71.44,142.88
OI001026_3,ORD001026,P0023,1,149.87,149.87
OI001026_4,ORD001026,P0061,2,22.39,44.78
OI001027_1,ORD001027,P0016,3,161.33,483.99
OI001028_1,ORD001028,P0028,3,104.91,314.73
OI001028_2,ORD001028,P0070,2,69.32,138.64
OI001029_1,ORD001029,P0049,2,188.99,377.98
OI001029_2,ORD001029,P0018,4,150.9,603.6
OI001029_3,ORD001029,P0041,3,31.15,93.45
OI001030_1,ORD001030,P0096,2,69.19,138.38
OI001030_2,ORD001030,P0075,1,127.46,127.46
OI001031_1,ORD001031,P0095,4,41.13,164.52
OI001032_1,ORD001032,P0091,4,38.31,153.24
OI001032_2,ORD001032,P0048,1,51.56,51.56
OI001033_1,ORD001033,P0068,1,99.69,99.69
OI001033_2,ORD001033,P0082,4,44.76,179.04
OI001033_3,ORD001033,P0072,3,24.01,72.03
OI001034_1,ORD001034,P0006,2,138.79,277.58
OI001034_2,ORD001034,P0040,1,27.38,27.38
OI001034_3,ORD001034,P0087,4,83.61,334.44
OI001034_4,ORD001034,P0008,2,36.13,72.26
OI001035_1,ORD001035,P0011,1,19.61,19.61
OI001035_2,ORD001035,P0021,4,131.47,525.88
OI001035_3,ORD001035,P0054,2,94.23,188.46
OI001035_4,ORD001035,P0016,2,161.33,322.66
OI001036_1,ORD001036,P0056,4,66.57,266.28
OI001037_1,ORD001037,P0034,1,118.58,118.58
OI001037_2,ORD001037,P0015,2,112.2,224.4
OI001038_1,ORD001038,P0099,4,138.6,554.4
OI001038_2,ORD001038,P0060,2,72.63,145.26
OI001038_3,ORD001038,P0055,2,61.33,122.66
OI001039_1,ORD001039,P0090,4,155.64,622.56
OI001039_2,ORD001039,P0069,1,106.21,106.21
OI001040_1,ORD001040,P0084,3,105.27,315.81
OI001040_2,ORD001040,P0081,3,59.0,177.0
OI001040_3,ORD001040,P0050,4,79.22,316.88
OI001040_4,ORD001040,P0019,4,113.33,453.32
OI001041_1,ORD001041,P0082,4,44.76,179.04
OI001042_1,ORD001042,P0043,3,68.42,205.26
OI001043_1,ORD001043,P0048,4,51.56,206.24
OI001044_1,ORD001044,P0052,1,86.55,86.55
OI001044_2,ORD001044,P0092,3,133.23,399.69
OI001044_3,ORD001044,P0031,3,41.42,124.26
OI001045_1,ORD001045,P0019,1,113.33,113.33
OI001045_2,ORD001045,P0004,1,176.41,176.41
OI001046_1,ORD001046,P0004,3,176.41,529.23
OI001046_2,ORD001046,P0021,2,131.47,262.94
OI001046_3,ORD001046,P0049,1,188.99,188.99
OI001046_4,ORD001046,P0020,2,173.97,347.94
OI001047_1,ORD001047,P0088,2,149.11,298.22
OI001047_2,ORD001047,P0078,1,169.69,169.69
OI001048_1,ORD001048,P0036,3,21.34,64.02
OI001048_2,ORD001048,P0074,2,97.13,194.26
OI001049_1,ORD001049,P0062,4,112.08,448.32
OI001050_1,ORD001050,P0041,2,31.15,62.3
OI001050_2,ORD001050,P0042,4,31.1,124.4
OI001051_1,ORD001051,P0038,3,17.33,51.99
OI001051_2,ORD001051,P0005,4,112.77,451.08
OI001052_1,ORD001052,P0027,1,133.01,133.01
OI001053_1,ORD001053,P0040,4,27.38,109.52
OI001053_2,ORD001053,P0039,4,142.99,571.96
OI001054_1,ORD001054,P0093,4,30.0,120.0
OI001054_2,ORD001054,P0078,4,169.69,678.76
OI001054_3,ORD001054,P0055,3,61.33,183.99
OI001054_4,ORD001054,P0073,1,184.72,184.72
OI001055_1,ORD001055,P0079,1,139.87,139.87
OI001055_2,ORD001055,P0045,1,57.8,57.8
OI001056_1,ORD001056,P0093,3,30.0,90.0
OI001056_2,ORD001056,P0089,3,32.38,97.14
OI001056_3,ORD001056,P0025,4,111.24,444.96
OI001057_1,ORD001057,P0070,1,69.32,69.32
OI001057_2,ORD001057,P0068,4,99.69,398.76
OI001058_1,ORD001058,P0029,3,152.06,456.18
OI001058_2,ORD001058,P0072,1,24.01,24.01
OI001058_3,ORD001058,P0081,1,59.0,59.0
OI001058_4,ORD001058,P0071,3,34.61,103.83
OI001059_1,ORD001059,P0008,1,36.13,36.13
OI001059_2,ORD001059,P0051,1,111.2,111.2
OI001059_3,ORD001059,P0052,1,86.55,86.55
OI001060_1,ORD001060,P0079,3,139.87,419.61
OI001061_1,ORD001061,P0052,3,86.55,259.65
OI001061_2,ORD001061,P0067,1,7.73,7.73
OI001061_3,ORD001061,P0039,2,142.99,285.98
OI001061_4,ORD001061,P0019,1,113.33,113.33
OI001062_1,ORD001062,P0050,2,79.22,158.44
OI001062_2,ORD001062,P0001,4,144.87,579.48
OI001063_1,ORD001063,P0099,4,138.6,554.4
OI001063_2,ORD001063,P0048,4,51.56,206.24
OI001064_1,ORD001064,P0032,2,96.44,192.88
OI001064_2,ORD001064,P0086,2,31.04,62.08
OI001065_1,ORD001065,P0052,1,86.55,86.55
OI001065_2,ORD001065,P0035,4,97.37,389.48
OI001065_3,ORD001065,P0061,3,22.39,67.17
OI001066_1,ORD001066,P0082,2,44.76,89.52
OI001066_2,ORD001066,P0092,4,133.23,532.92
OI001066_3,ORD001066,P0022,1,70.65,70.65
OI001067_1,ORD001067,P0064,3,153.17,459.51
OI001068_1,ORD001068,P0017,1,61.56,61.56
OI001068_2,ORD001068,P0019,1,113.33,113.33
OI001069_1,ORD001069,P0079,2,139.87,279.74
OI001070_1,ORD001070,P0022,4,70.65,282.6
OI001070_2,ORD001070,P0078,1,169.69,169.69
OI001070_3,ORD001070,P0066,4,174.67,698.68
OI001071_1,ORD001071,P0074,1,97.13,97.13
OI001072_1,ORD001072,P0074,4,97.13,388.52
OI001072_2,ORD001072,P0092,4,133.23,532.92
OI001073_1,ORD001073,P0100,1,54.24,54.24
OI001074_1,ORD001074,P0082,3,44.76,134.28
OI001074_2,ORD001074,P0099,2,138.6,277.2
OI001074_3,ORD001074,P0078,2,169.69,339.38
OI001074_4,ORD001074,P0055,2,61.33,122.66
OI001075_1,ORD001075,P0024,2,21.59,43.18
OI001075_2,ORD001075,P0046,3,92.22,276.66
OI001075_3,ORD001075,P0043,3,68.42,205.26
OI001076_1,ORD001076,P0050,4,79.22,316.88
OI001076_2,ORD001076,P0044,1,136.57,136.57
OI001076_3,ORD001076,P0065,3,179.4,538.2
OI001077_1,ORD001077,P0016,2,161.33,322.66
OI001077_2,ORD001077,P0030,1,34.08,34.08
OI001077_3,ORD001077,P0015,2,112.2,224.4
OI001077_4,ORD001077,P0037,2,102.41,204.82
OI001078_1,ORD001078,P0050,1,79.22,79.22
OI001079_1,ORD001079,P0067,1,7.73,7.73
OI001080_1,ORD001080,P0013,2,71.44,142.88
OI001080_2,ORD001080,P0029,4,152.06,608.24
OI001081_1,ORD001081,P0022,1,70.65,70.65
OI001081_2,ORD001081,P0100,2,54.24,108.48
OI001082_1,ORD001082,P0023,2,149.87,299.74
OI001082_2,ORD001082,P0084,4,105.27,421.08
OI001082_3,ORD001082,P0078,1,169.69,169.69
OI001083_1,ORD001083,P0007,1,71.49,71.49
OI001083_2,ORD001083,P0038,1,17.33,17.33
OI001084_1,ORD001084,P0045,1,57.8,57.8
OI001084_2,ORD001084,P0065,3,179.4,538.2
OI001085_1,ORD001085,P0020,3,173.97,521.91
OI001086_1,ORD001086,P0082,1,44.76,44.76
OI001086_2,ORD001086,P0007,4,71.49,285.96
OI001086_3,ORD001086,P0018,3,150.9,452.7
OI001087_1,ORD001087,P0041,4,31.15,124.6
OI001087_2,ORD001087,P0056,3,66.57,199.71
OI001088_1,ORD001088,P0078,1,169.69,169.69
OI001088_2,ORD001088,P0084,4,105.27,421.08
OI001088_3,ORD001088,P0023,1,149.87,149.87
OI001089_1,ORD001089,P0053,2,129.22,258.44
OI001089_2,ORD001089,P0082,1,44.76,44.76
OI001089_3,ORD001089,P0058,4,17.55,70.2
OI001090_1,ORD001090,P0012,4,117.8,471.2
OI001090_2,ORD001090,P0038,1,17.33,17.33
OI001091_1,ORD001091,P0030,3,34.08,102.24
OI001091_2,ORD001091,P0070,2,69.32,138.64
OI001091_3,ORD001091,P0050,3,79.22,237.66
OI001092_1,ORD001092,P0057,1,113.45,113.45
OI001092_2,ORD001092,P0004,3,176.41,529.23
OI001092_3,ORD001092,P0069,3,106.21,318.63
OI001093_1,ORD001093,P0029,1,152.06,152.06
OI001093_2,ORD001093,P0028,4,104.91,419.64
OI001093_3,ORD001093,P0065,1,179.4,179.4
OI001094_1,ORD001094,P0080,1,46.24,46.24
OI001094_2,ORD001094,P0029,4,152.06,608.24
OI001094_3,ORD001094,P0049,1,188.99,188.99
OI001094_4,ORD001094,P0040,3,27.38,82.14
OI001095_1,ORD001095,P0068,2,99.69,199.38
OI001096_1,ORD001096,P0069,1,106.21,106.21
OI001096_2,ORD001096,P0002,2,29.1,58.2
OI001097_1,ORD001097,P0003,4,60.72,242.88
OI001097_2,ORD001097,P0055,4,61.33,245.32
OI001098_1,ORD001098,P0064,2,153.17,306.34
OI001098_2,ORD001098,P0094,2,188.21,376.42
OI001098_3,ORD001098,P0004,4,176.41,705.64
OI001099_1,ORD001099,P0048,2,51.56,103.12
OI001099_2,ORD001099,P0046,1,92.22,92.22
OI001099_3,ORD001099,P0008,3,36.13,108.39
OI001100_1,ORD001100,P0047,4,191.09,764.36
OI001100_2,ORD001100,P0037,1,102.41,102.41
OI001100_3,ORD001100,P0054,1,94.23,94.23
OI001101_1,ORD001101,P0020,3,173.97,521.91
OI001101_2,ORD001101,P0013,1,71.44,71.44
OI001101_3,ORD001101,P0033,1,81.28,81.28
OI001102_1,ORD001102,P0028,2,104.91,209.82
OI001102_2,ORD001102,P0055,3,61.33,183.99
OI001103_1,ORD001103,P0077,1,90.68,90.68
OI001103_2,ORD001103,P0055,3,61.33,183.99
OI001104_1,ORD001104,P0021,3,131.47,394.41
OI001105_1,ORD001105,P0067,3,7.73,23.19
OI001106_1,ORD001106,P0083,3,25.24,75.72
OI001107_1,ORD001107,P0098,1,133.13,133.13
OI001108_1,ORD001108,P0082,4,44.76,179.04
OI001109_1,ORD001109,P0009,3,47.47,142.41
OI001109_2,ORD001109,P0054,3,94.23,282.69
OI001110_1,ORD001110,P0040,1,27.38,27.38
OI001110_2,ORD001110,P0019,3,113.33,339.99
OI001110_3,ORD001110,P0007,3,71.49,214.47
OI001111_1,ORD001111,P0026,3,40.63,121.89
OI001112_1,ORD001112,P0004,2,176.41,352.82
OI001113_1,ORD001113,P0015,4,112.2,448.8
OI001113_2,ORD001113,P0049,2,188.99,377.98
OI001113_3,ORD001113,P0069,3,106.21,318.63
OI001114_1,ORD001114,P0072,4,24.01,96.04
OI001114_2,ORD001114,P0012,1,117.8,117.8
OI001114_3,ORD001114,P0037,2,102.41,204.82
OI001115_1,ORD001115,P0079,3,139.87,419.61
OI001115_2,ORD001115,P0082,3,44.76,134.28
OI001115_3,ORD001115,P0048,3,51.56,154.68
OI001115_4,ORD001115,P0039,4,142.99,571.96
OI001116_1,ORD001116,P0039,1,142.99,142.99
OI001117_1,ORD001117,P0069,4,106.21,424.84
OI001117_2,ORD001117,P0001,2,144.87,289.74
OI001117_3,ORD001117,P0029,1,152.06,152.06
OI001118_1,ORD001118,P0087,2,83.61,167.22
OI001118_2,ORD001118,P0006,3,138.79,416.37
OI001119_1,ORD001119,P0052,1,86.55,86.55
OI001119_2,ORD001119,P0027,1,133.01,133.01
OI001120_1,ORD001120,P0011,4,19.61,78.44
OI001120_2,ORD001120,P0073,1,184.72,184.72
OI001121_1,ORD001121,P0039,4,142.99,571.96
OI001121_2,ORD001121,P0001,1,144.87,144.87
OI001121_3,ORD001121,P0063,2,168.76,337.52
OI001121_4,ORD001121,P0048,3,51.56,154.68
OI001122_1,ORD001122,P0089,3,32.38,97.14
OI001122_2,ORD001122,P0055,1,61.33,61.33
OI001122_3,ORD001122,P0062,4,112.08,448.32
OI001123_1,ORD001123,P0010,1,32.29,32.29
OI001123_2,ORD001123,P0046,1,92.22,92.22
OI001124_1,ORD001124,P0075,1,127.46,127.46
OI001124_2,ORD001124,P0013,2,71.44,142.88
OI001125_1,ORD001125,P0014,4,12.88,51.52
OI001126_1,ORD001126,P0037,2,102.41,204.82
OI001126_2,ORD001126,P0060,3,72.63,217.89
OI001126_3,ORD001126,P0034,2,118.58,237.16
OI001127_1,ORD001127,P0028,4,104.91,419.64
OI001128_1,ORD001128,P0071,1,34.61,34.61
OI001129_1,ORD001129,P0005,4,112.77,451.08
OI001129_2,ORD001129,P0056,3,66.57,199.71
OI001130_1,ORD001130,P0097,1,156.58,156.58
OI001130_2,ORD001130,P0030,1,34.08,34.08
OI001130_3,ORD001130,P0002,3,29.1,87.3
OI001130_4,ORD001130,P0067,4,7.73,30.92
OI001131_1,ORD001131,P0007,3,71.49,214.47
OI001131_2,ORD001131,P0044,1,136.57,136.57
OI001132_1,ORD001132,P0019,2,113.33,226.66
OI001133_1,ORD001133,P0004,4,176.41,705.64
OI001133_2,ORD001133,P0075,2,127.46,254.92
OI001133_3,ORD001133,P0009,1,47.47,47.47
OI001134_1,ORD001134,P0070,4,69.32,277.28
OI001134_2,ORD001134,P0050,3,79.22,237.66
OI001134_3,ORD001134,P0096,4,69.19,276.76
OI001134_4,ORD001134,P0008,1,36.13,36.13
OI001135_1,ORD001135,P0039,3,142.99,428.97
OI001135_2,ORD001135,P0068,3,99.69,299.07
OI001136_1,ORD001136,P0001,4,144.87,579.48
OI001137_1,ORD001137,P0075,3,127.46,382.38
OI001137_2,ORD001137,P0005,2,112.77,225.54
OI001137_3,ORD001137,P0071,1,34.61,34.61
OI001137_4,ORD001137,P0081,4,59.0,236.0
OI001138_1,ORD001138,P0075,4,127.46,509.84
OI001138_2,ORD001138,P0006,2,138.79,277.58
OI001139_1,ORD001139,P0097,2,156.58,313.16
OI001140_1,ORD001140,P0053,4,129.22,516.88
OI001140_2,ORD001140,P0055,1,61.33,61.33
OI001140_3,ORD001140,P0020,3,173.97,521.91
OI001140_4,ORD001140,P0012,1,117.8,117.8
OI001141_1,ORD001141,P0066,1,174.67,174.67
OI001141_2,ORD001141,P0084,4,105.27,421.08
OI001141_3,ORD001141,P0030,3,34.08,102.24
OI001141_4,ORD001141,P0041,1,31.15,31.15
OI001142_1,ORD001142,P0024,1,21.59,21.59
OI001142_2,ORD001142,P0084,4,105.27,421.08
OI001142_3,ORD001142,P0007,4,71.49,285.96
OI001142_4,ORD001142,P0032,1,96.44,96.44
OI001143_1,ORD001143,P0004,1,176.41,176.41
OI001143_2,ORD001143,P0012,1,117.8,117.8
OI001143_3,ORD001143,P0048,2,51.56,103.12
OI001144_1,ORD001144,P0090,2,155.64,311.28
OI001144_2,ORD001144,P0013,3,71.44,214.32
OI001144_3,ORD001144,P0052,2,86.55,173.1
OI001145_1,ORD001145,P0037,4,102.41,409.64
OI001145_2,ORD001145,P0005,2,112.77,225.54
OI001145_3,ORD001145,P0050,4,79.22,316.88
OI001145_4,ORD001145,P0073,4,184.72,738.88
OI001146_1,ORD001146,P0007,3,71.49,214.47
OI001147_1,ORD001147,P0093,4,30.0,120.0
OI001147_2,ORD001147,P0092,3,133.23,399.69
OI001147_3,ORD001147,P0094,1,188.21,188.21
OI001148_1,ORD001148,P0059,3,37.27,111.81
OI001149_1,ORD001149,P0097,2,156.58,313.16
OI001149_2,ORD001149,P0012,4,117.8,471.2
OI001149_3,ORD001149,P0048,3,51.56,154.68
OI001150_1,ORD001150,P0005,4,112.77,451.08
OI001151_1,ORD001151,P0003,4,60.72,242.88
OI001151_2,ORD001151,P0036,1,21.34,21.34
OI001152_1,ORD001152,P0053,4,129.22,516.88
OI001152_2,ORD001152,P0055,2,61.33,122.66
OI001153_1,ORD001153,P0049,3,188.99,566.97
OI001153_2,ORD001153,P0019,3,113.33,339.99
OI001154_1,ORD001154,P0086,3,31.04,93.12
OI001155_1,ORD001155,P0062,2,112.08,224.16
OI001156_1,ORD001156,P0022,1,70.65,70.65
OI001156_2,ORD001156,P0015,4,112.2,448.8
OI001157_1,ORD001157,P0005,4,112.77,451.08
OI001157_2,ORD001157,P0048,2,51.56,103.12
OI001157_3,ORD001157,P0081,3,59.0,177.0
OI001157_4,ORD001157,P0027,2,133.01,266.02
OI001158_1,ORD001158,P0016,1,161.33,161.33
OI001159_1,ORD001159,P0067,3,7.73,23.19
OI001159_2,ORD001159,P0040,2,27.38,54.76
OI001159_3,ORD001159,P0031,2,41.42,82.84
OI001160_1,ORD001160,P0039,1,142.99,142.99
OI001160_2,ORD001160,P0009,1,47.47,47.47
OI001160_3,ORD001160,P0083,1,25.24,25.24
OI001160_4,ORD001160,P0013,3,71.44,214.32
OI001161_1,ORD001161,P0037,3,102.41,307.23
OI001161_2,ORD001161,P0031,4,41.42,165.68
OI001161_3,ORD001161,P0022,1,70.65,70.65
OI001162_1,ORD001162,P0058,1,17.55,17.55
OI001162_2,ORD001162,P0061,1,22.39,22.39
OI001162_3,ORD001162,P0060,1,72.63,72.63
OI001163_1,ORD001163,P0088,2,149.11,298.22
OI001164_1,ORD001164,P0060,2,72.63,145.26
OI001164_2,ORD001164,P0056,4,66.57,266.28
OI001164_3,ORD001164,P0069,1,106.21,106.21
OI001164_4,ORD001164,P0087,4,83.61,334.44
OI001165_1,ORD001165,P0041,1,31.15,31.15
OI001165_2,ORD001165,P0100,1,54.24,54.24
OI001166_1,ORD001166,P0063,4,168.76,675.04
OI001166_2,ORD001166,P0087,1,83.61,83.61
OI001166_3,ORD001166,P0012,4,117.8,471.2
OI001166_4,ORD001166,P0039,1,142.99,142.99
OI001167_1,ORD001167,P0031,2,41.42,82.84
OI001167_2,ORD001167,P0054,1,94.23,94.23
OI001167_3,ORD001167,P0061,2,22.39,44.78
OI001167_4,ORD001167,P0074,4,97.13,388.52
OI001168_1,ORD001168,P0093,1,30.0,30.0
OI001168_2,ORD001168,P0054,1,94.23,94.23
OI001168_3,ORD001168,P0064,3,153.17,459.51
OI001169_1,ORD001169,P0030,3,34.08,102.24
OI001169_2,ORD001169,P0038,2,17.33,34.66
OI001169_3,ORD001169,P0018,1,150.9,150.9
OI001170_1,ORD001170,P0075,1,127.46,127.46
OI001171_1,ORD001171,P0078,1,169.69,169.69
OI001171_2,ORD001171,P0082,3,44.76,134.28
OI001171_3,ORD001171,P0091,3,38.31,114.93
OI001172_1,ORD001172,P0017,4,61.56,246.24
OI001172_2,ORD001172,P0013,2,71.44,142.88
OI001173_1,ORD001173,P0089,3,32.38,97.14
OI001173_2,ORD001173,P0002,1,29.1,29.1
OI001174_1,ORD001174,P0060,4,72.63,290.52
OI001175_1,ORD001175,P0072,1,24.01,24.01
OI001176_1,ORD001176,P0074,4,97.13,388.52
OI001176_2,ORD001176,P0011,4,19.61,78.44
OI001176_3,ORD001176,P0014,2,12.88,25.76
OI001176_4,ORD001176,P0020,4,173.97,695.88
OI001177_1,ORD001177,P0094,1,188.21,188.21
OI001178_1,ORD001178,P0058,3,17.55,52.65
OI001178_2,ORD001178,P0078,2,169.69,339.38
OI001178_3,ORD001178,P0066,2,174.67,349.34
OI001178_4,ORD001178,P0085,2,78.24,156.48
OI001179_1,ORD001179,P0084,1,105.27,105.27
OI001179_2,ORD001179,P0040,3,27.38,82.14
OI001180_1,ORD001180,P0003,3,60.72,182.16
OI001180_2,ORD001180,P0013,3,71.44,214.32
OI001180_3,ORD001180,P0091,4,38.31,153.24
OI001181_1,ORD001181,P0091,2,38.31,76.62
OI001181_2,ORD001181,P0008,1,36.13,36.13
OI001181_3,ORD001181,P0017,3,61.56,184.68
OI001182_1,ORD001182,P0053,3,129.22,387.66
OI001182_2,ORD001182,P0051,4,111.2,444.8
OI001182_3,ORD001182,P0063,2,168.76,337.52
OI001183_1,ORD001183,P0008,4,36.13,144.52
OI001183_2,ORD001183,P0059,1,37.27,37.27
OI001183_3,ORD001183,P0055,1,61.33,61.33
OI001183_4,ORD001183,P0056,2,66.57,133.14
OI001184_1,ORD001184,P0066,4,174.67,698.68
OI001184_2,ORD001184,P0080,1,46.24,46.24
OI001184_3,ORD001184,P0072,3,24.01,72.03
OI001184_4,ORD001184,P0046,3,92.22,276.66
OI001185_1,ORD001185,P0099,4,138.6,554.4
OI001185_2,ORD001185,P0055,4,61.33,245.32
OI001185_3,ORD001185,P0059,3,37.27,111.81
OI001186_1,ORD001186,P0079,3,139.87,419.61
OI001186_2,ORD001186,P0006,3,138.79,416.37
OI001187_1,ORD001187,P0086,4,31.04,124.16
OI001187_2,ORD001187,P0016,4,161.33,645.32
OI001187_3,ORD001187,P0006,1,138.79,138.79
OI001188_1,ORD001188,P0078,4,169.69,678.76
OI001188_2,ORD001188,P0080,4,46.24,184.96
OI001188_3,ORD001188,P0075,2,127.46,254.92
OI001189_1,ORD001189,P0006,4,138.79,555.16
OI001189_2,ORD001189,P0096,4,69.19,276.76
OI001189_3,ORD001189,P0080,2,46.24,92.48
OI001190_1,ORD001190,P0080,2,46.24,92.48
OI001190_2,ORD001190,P0051,2,111.2,222.4
OI001190_3,ORD001190,P0096,1,69.19,69.19
OI001191_1,ORD001191,P0031,4,41.42,165.68
OI001191_2,ORD001191,P0019,1,113.33,113.33
OI001192_1,ORD001192,P0091,4,38.31,153.24
OI001192_2,ORD001192,P0028,4,104.91,419.64
OI001192_3,ORD001192,P0014,3,12.88,38.64
OI001193_1,ORD001193,P0010,1,32.29,32.29
OI001193_2,ORD001193,P0038,3,17.33,51.99
OI001193_3,ORD001193,P0082,3,44.76,134.28
OI001194_1,ORD001194,P0084,1,105.27,105.27
OI001194_2,ORD001194,P0057,4,113.45,453.8
OI001194_3,ORD001194,P0070,3,69.32,207.96
OI001195_1,ORD001195,P0052,4,86.55,346.2
OI001196_1,ORD001196,P0038,3,17.33,51.99
OI001196_2,ORD001196,P0076,3,113.02,339.06
OI001196_3,ORD001196,P0012,2,117.8,235.6
OI001197_1,ORD001197,P0001,4,144.87,579.48
OI001198_1,ORD001198,P0015,3,112.2,336.6
OI001198_2,ORD001198,P0025,4,111.24,444.96
OI001199_1,ORD001199,P0025,1,111.24,111.24
OI001199_2,ORD001199,P0093,2,30.0,60.0
OI001199_3,ORD001199,P0097,3,156.58,469.74
OI001200_1,ORD001200,P0034,3,118.58,355.74
OI001200_2,ORD001200,P0097,1,156.58,156.58
OI001200_3,ORD001200,P0001,1,144.87,144.87
